# 3ds Max Wavefront OBJ Exporter v0.99 - (c)2007 guruware
# File Created: 18.09.2025 14:06:53

mtllib object.mtl

#
# object Object006
#

v  679.8359 0.0000 -2160.6440
v  679.8359 80.0961 -2160.6440
v  679.8359 80.0961 -2244.6726
v  679.8359 0.0000 -2244.6726
v  698.7905 91.8013 -2253.6658
v  796.3267 91.7061 -2253.6299
v  796.3267 80.0961 -2253.6299
v  688.7932 80.0961 -2253.6299
v  688.7932 0.0000 -2253.6299
v  796.3267 0.0000 -2253.6299
v  688.7932 162.9101 -2253.7932
v  796.3267 163.4061 -2253.6299
v  796.3267 103.3161 -2253.6299
v  688.7932 103.5065 -2253.7019
v  703.1594 172.9518 -2242.8044
v  796.3267 172.9518 -2242.6836
v  689.7593 91.9202 -2244.6726
v  679.6882 103.7443 -2244.6726
v  679.7192 163.0737 -2244.6726
v  693.8008 172.9518 -2233.4644
v  693.8872 172.9518 -2160.6440
v  768.3706 172.9518 -2160.6440
v  796.3267 172.9518 -2160.6440
v  679.8354 163.4048 -2160.6440
v  689.8330 91.7069 -2160.6440
v  912.8169 80.0961 -2244.6726
v  912.8169 80.0961 -2160.6440
v  912.8169 0.0000 -2160.6440
v  912.8169 0.0000 -2244.6726
v  893.8625 91.8013 -2253.6658
v  903.8599 80.0961 -2253.6299
v  903.8599 0.0000 -2253.6299
v  903.8599 162.9101 -2253.7932
v  903.8599 103.5065 -2253.7019
v  889.4937 172.9518 -2242.8044
v  902.8936 91.9202 -2244.6726
v  912.9336 163.0737 -2244.6726
v  912.9648 103.7443 -2244.6726
v  824.2822 172.9518 -2160.6440
v  898.7656 172.9518 -2160.6440
v  898.8525 172.9518 -2233.4644
v  912.8174 163.4048 -2160.6440
v  902.8198 91.7069 -2160.6440
v  688.7935 0.0000 -2160.6440
v  679.8354 103.3178 -2160.6440
v  903.8599 0.0000 -2160.6440
v  912.8176 103.3178 -2160.6440
v  679.8359 80.0961 -2076.6152
v  679.8359 0.0000 -2076.6152
v  796.3267 80.0961 -2067.6580
v  796.3267 91.7061 -2067.6580
v  698.7905 91.8013 -2067.6221
v  688.7932 80.0961 -2067.6580
v  688.7932 0.0000 -2067.6580
v  796.3267 0.0000 -2067.6580
v  796.3267 103.3161 -2067.6580
v  796.3267 163.4061 -2067.6580
v  688.7932 162.9101 -2067.4946
v  688.7932 103.5065 -2067.5859
v  796.3267 172.9518 -2078.6045
v  703.1594 172.9518 -2078.4834
v  689.7593 91.9202 -2076.6152
v  679.7192 163.0737 -2076.6152
v  679.6882 103.7443 -2076.6152
v  693.8008 172.9518 -2087.8235
v  912.8169 80.0961 -2076.6152
v  912.8169 0.0000 -2076.6152
v  893.8625 91.8013 -2067.6221
v  903.8599 80.0961 -2067.6580
v  903.8599 0.0000 -2067.6580
v  903.8599 162.9101 -2067.4946
v  903.8599 103.5065 -2067.5859
v  889.4937 172.9518 -2078.4834
v  902.8936 91.9202 -2076.6152
v  912.9648 103.7443 -2076.6152
v  912.9336 163.0737 -2076.6152
v  898.8525 172.9518 -2087.8235
v  796.3267 0.0000 -2160.6440
v  -1462.0583 2003.3635 815.6602
v  -1746.2515 2003.3636 815.6602
v  -1746.2515 2003.3636 949.9998
v  -1462.0583 2003.3635 949.9998
v  -1491.1548 0.0000 854.1802
v  -1486.8210 333.8107 854.1802
v  -1486.8210 333.8107 949.9998
v  -1491.1548 0.0000 949.9998
v  -1750.0000 0.0000 854.1802
v  -1750.0000 333.8107 854.1802
v  -1750.0000 384.1434 862.2021
v  -1508.2317 384.1433 862.2021
v  -1750.0000 783.4447 862.2021
v  -1508.2317 783.4446 862.2021
v  -1462.0583 921.2090 815.6602
v  -1433.2156 892.0682 796.2410
v  -1750.0000 892.0682 796.2410
v  -1746.2515 921.2090 815.6602
v  -1750.0000 788.6309 796.2410
v  -1433.2156 788.6309 796.2410
v  -1427.9890 951.8943 868.1101
v  -1427.9890 1380.8164 868.1101
v  -1427.9890 1380.8164 949.9998
v  -1427.9890 951.8943 949.9998
v  -1746.2515 1437.9127 815.6602
v  -1462.0583 1437.9127 815.6602
v  -1462.0583 1422.9045 833.5618
v  -1462.0583 926.8484 833.5618
v  -1443.7771 1400.3131 853.3372
v  -1443.7771 934.5005 853.3372
v  -1444.6912 1462.1594 824.7322
v  -1444.6912 1462.1594 949.9998
v  -1462.0583 1437.9127 949.9998
v  -1444.6912 2003.3635 824.7322
v  -1443.7771 1392.2180 860.4846
v  -1443.7771 940.4929 860.4846
v  -1443.7771 940.4929 949.9998
v  -1443.7771 934.5005 949.9998
v  -1508.2317 783.4446 949.9998
v  -1433.2156 788.6309 949.9998
v  -1462.0583 926.8484 949.9998
v  -1433.2156 892.0682 949.9998
v  -1462.0583 921.2090 949.9998
v  -1508.2317 384.1434 949.9998
v  -1443.7771 1392.2180 949.9998
v  -1443.7771 1400.3131 949.9998
v  -1462.0583 1422.9045 949.9998
v  -1444.6912 2003.3635 949.9998
v  -1436.7710 0.0000 798.6973
v  -1436.7710 100.1357 798.6973
v  -1436.7710 100.1357 865.4543
v  -1436.7710 0.0000 865.4543
v  -1503.5281 100.1357 865.4543
v  -1503.5281 0.0000 865.4543
v  -1503.5281 100.1357 798.6973
v  -1503.5281 0.0000 798.6973
v  -1448.7739 103.9166 810.7002
v  -1448.7739 103.9166 853.4514
v  -1491.5251 103.9166 853.4514
v  -1491.5251 103.9166 810.7002
v  -1448.7739 771.4880 810.7002
v  -1448.7739 771.4880 853.4514
v  -1491.5251 771.4880 853.4514
v  -1491.5251 771.4880 810.7002
v  -1437.2336 775.9532 799.1599
v  -1437.2336 775.9532 864.9917
v  -1503.0654 775.9532 864.9917
v  -1503.0654 775.9532 799.1599
v  -1437.2336 789.3046 799.1599
v  -1437.2336 789.3046 864.9917
v  -1503.0654 789.3046 864.9917
v  -1503.0654 789.3046 799.1599
v  -1582.2258 0.0000 810.7002
v  -1703.2700 375.8784 810.7002
v  -1703.2700 375.8784 854.4072
v  -1582.2258 0.0000 854.4072
v  -1628.9558 0.0000 854.4072
v  -1750.0000 375.8784 854.4072
v  -1750.0000 375.8784 810.7002
v  -1628.9558 0.0000 810.7002
v  -1448.4536 1399.7689 874.9636
v  -1448.4536 1466.5261 874.9636
v  -1448.4536 1466.5261 884.9773
v  -1448.4536 1399.7689 884.9773
v  -1472.0427 1466.5261 884.9773
v  -1472.0427 1399.7689 884.9773
v  -1472.0427 1399.7689 874.9636
v  -1472.0427 1466.5261 874.9636
v  -1491.5251 179.2010 853.4514
v  -1678.1919 179.2010 853.4514
v  -1678.1919 179.2010 814.0120
v  -1491.5251 179.2010 814.0120
v  -1678.1919 241.0673 814.0120
v  -1491.5251 241.0673 814.0120
v  -1678.1919 241.0673 853.4514
v  -1491.5251 241.0673 853.4514
v  -1487.1917 528.1693 852.8816
v  -1750.0000 528.1693 852.8816
v  -1750.0000 500.4288 852.8816
v  -1487.1917 500.4288 852.8816
v  -1750.0000 500.4288 812.2629
v  -1487.1917 500.4288 812.2629
v  -1750.0000 528.1693 812.2629
v  -1487.1917 528.1693 812.2629
v  -1487.1917 687.3329 852.8816
v  -1750.0000 687.3329 852.8816
v  -1750.0000 659.5924 852.8816
v  -1487.1917 659.5924 852.8816
v  -1750.0000 659.5924 812.2629
v  -1487.1917 659.5924 812.2629
v  -1750.0000 687.3329 812.2629
v  -1487.1917 687.3329 812.2629
v  -1448.4536 1399.7689 911.3242
v  -1448.4536 1466.5261 911.3242
v  -1448.4536 1466.5261 921.3376
v  -1448.4536 1399.7689 921.3376
v  -1472.0427 1466.5261 921.3376
v  -1472.0427 1399.7689 921.3376
v  -1472.0427 1399.7689 911.3242
v  -1472.0427 1466.5261 911.3242
v  -1487.1917 374.1376 852.8816
v  -1728.8635 374.1376 852.8816
v  -1728.8635 346.3971 852.8816
v  -1487.1917 346.3971 852.8816
v  -1728.8635 346.3971 812.2629
v  -1487.1917 346.3971 812.2629
v  -1728.8635 374.1376 812.2629
v  -1487.1917 374.1376 812.2629
v  -1462.0583 2003.3635 1084.3396
v  -1746.2515 2003.3636 1084.3396
v  -1491.1548 0.0000 1045.8196
v  -1486.8210 333.8107 1045.8196
v  -1750.0000 0.0000 1045.8196
v  -1750.0000 333.8107 1045.8196
v  -1508.2317 384.1434 1037.7976
v  -1750.0000 384.1434 1037.7976
v  -1508.2317 783.4446 1037.7976
v  -1750.0000 783.4447 1037.7976
v  -1462.0583 921.2090 1084.3396
v  -1746.2515 921.2090 1084.3396
v  -1749.9998 892.0682 1103.7588
v  -1433.2156 892.0682 1103.7588
v  -1433.2156 788.6309 1103.7588
v  -1749.9998 788.6309 1103.7588
v  -1427.9890 951.8943 1031.8896
v  -1427.9890 1380.8164 1031.8896
v  -1462.0583 1437.9127 1084.3396
v  -1746.2515 1437.9127 1084.3396
v  -1462.0583 926.8484 1066.4380
v  -1462.0583 1422.9045 1066.4380
v  -1443.7771 934.5005 1046.6626
v  -1443.7771 1400.3131 1046.6626
v  -1444.6912 1462.1594 1075.2676
v  -1444.6912 2003.3635 1075.2676
v  -1443.7771 940.4929 1039.5151
v  -1443.7771 1392.2180 1039.5151
v  -1436.7710 0.0000 1101.3025
v  -1436.7710 0.0000 1034.5454
v  -1436.7710 100.1357 1034.5454
v  -1436.7710 100.1357 1101.3025
v  -1503.5281 0.0000 1034.5454
v  -1503.5281 100.1357 1034.5454
v  -1503.5281 0.0000 1101.3025
v  -1503.5281 100.1357 1101.3025
v  -1448.7739 103.9166 1046.5483
v  -1448.7739 103.9166 1089.2996
v  -1491.5251 103.9166 1046.5483
v  -1491.5251 103.9166 1089.2996
v  -1448.7739 771.4880 1046.5483
v  -1448.7739 771.4880 1089.2996
v  -1491.5251 771.4880 1046.5483
v  -1491.5251 771.4880 1089.2996
v  -1437.2336 775.9532 1035.0081
v  -1437.2336 775.9532 1100.8398
v  -1503.0654 775.9532 1035.0081
v  -1503.0654 775.9532 1100.8398
v  -1437.2336 789.3046 1035.0081
v  -1437.2336 789.3046 1100.8398
v  -1503.0654 789.3046 1035.0081
v  -1503.0654 789.3046 1100.8398
v  -1582.2258 0.0000 1089.2996
v  -1582.2258 0.0000 1045.5925
v  -1703.2700 375.8784 1045.5925
v  -1703.2700 375.8784 1089.2996
v  -1628.9558 0.0000 1045.5925
v  -1628.9558 0.0000 1089.2996
v  -1750.0000 375.8784 1089.2996
v  -1750.0000 375.8784 1045.5925
v  -1448.4536 1399.7689 1025.0361
v  -1448.4536 1399.7689 1015.0225
v  -1448.4536 1466.5261 1015.0225
v  -1448.4536 1466.5261 1025.0361
v  -1472.0427 1399.7689 1015.0225
v  -1472.0427 1466.5261 1015.0225
v  -1472.0427 1399.7689 1025.0361
v  -1472.0427 1466.5261 1025.0361
v  -1491.5251 179.2010 1046.5483
v  -1491.5251 179.2010 1085.9878
v  -1678.1919 179.2010 1085.9878
v  -1678.1919 179.2010 1046.5483
v  -1491.5251 241.0673 1085.9878
v  -1678.1919 241.0673 1085.9878
v  -1491.5251 241.0673 1046.5483
v  -1678.1919 241.0673 1046.5483
v  -1487.1917 528.1693 1047.1182
v  -1487.1917 500.4288 1047.1182
v  -1750.0000 500.4288 1047.1182
v  -1750.0000 528.1693 1047.1182
v  -1487.1917 500.4288 1087.7368
v  -1750.0000 500.4288 1087.7368
v  -1487.1917 528.1693 1087.7368
v  -1750.0000 528.1693 1087.7368
v  -1487.1917 687.3329 1047.1182
v  -1487.1917 659.5924 1047.1182
v  -1750.0000 659.5924 1047.1182
v  -1750.0000 687.3329 1047.1182
v  -1487.1917 659.5924 1087.7368
v  -1750.0000 659.5924 1087.7368
v  -1487.1917 687.3329 1087.7368
v  -1750.0000 687.3329 1087.7368
v  -1448.4536 1399.7689 988.6755
v  -1448.4536 1399.7689 978.6621
v  -1448.4536 1466.5261 978.6621
v  -1448.4536 1466.5261 988.6755
v  -1472.0427 1399.7689 978.6621
v  -1472.0427 1466.5261 978.6621
v  -1472.0427 1399.7689 988.6755
v  -1472.0427 1466.5261 988.6755
v  -1487.1917 374.1376 1047.1182
v  -1487.1917 346.3971 1047.1182
v  -1728.8635 346.3971 1047.1182
v  -1728.8635 374.1376 1047.1182
v  -1487.1917 346.3971 1087.7368
v  -1728.8635 346.3971 1087.7368
v  -1487.1917 374.1376 1087.7368
v  -1728.8635 374.1376 1087.7368
v  -1462.0583 2003.3635 -851.0063
v  -1746.2515 2003.3636 -851.0065
v  -1746.2515 2003.3636 -716.6667
v  -1462.0583 2003.3635 -716.6667
v  -1491.1550 0.0000 -812.4866
v  -1486.8213 333.8107 -812.4866
v  -1486.8213 333.8107 -716.6667
v  -1491.1548 0.0000 -716.6667
v  -1750.0000 0.0000 -812.4866
v  -1750.0000 333.8107 -812.4866
v  -1750.0000 384.1434 -804.4646
v  -1508.2317 384.1433 -804.4646
v  -1750.0000 783.4447 -804.4646
v  -1508.2317 783.4446 -804.4646
v  -1462.0583 921.2090 -851.0063
v  -1433.2156 892.0682 -870.4257
v  -1750.0000 892.0682 -870.4258
v  -1746.2515 921.2090 -851.0065
v  -1750.0000 788.6309 -870.4258
v  -1433.2156 788.6309 -870.4257
v  -1427.9893 951.8943 -798.5565
v  -1427.9893 1380.8164 -798.5565
v  -1427.9890 1380.8164 -716.6667
v  -1427.9890 951.8943 -716.6667
v  -1746.2515 1437.9127 -851.0065
v  -1462.0583 1437.9127 -851.0063
v  -1462.0583 1422.9045 -833.1047
v  -1462.0583 926.8484 -833.1047
v  -1443.7771 1400.3131 -813.3296
v  -1443.7771 934.5005 -813.3296
v  -1444.6912 1462.1594 -841.9344
v  -1444.6912 1462.1594 -716.6667
v  -1462.0583 1437.9127 -716.6667
v  -1444.6912 2003.3635 -841.9344
v  -1443.7773 1392.2180 -806.1820
v  -1443.7773 940.4929 -806.1820
v  -1443.7771 940.4929 -716.6667
v  -1443.7771 934.5005 -716.6667
v  -1508.2317 783.4446 -716.6667
v  -1433.2156 788.6309 -716.6667
v  -1462.0583 926.8484 -716.6667
v  -1433.2156 892.0682 -716.6667
v  -1462.0583 921.2090 -716.6667
v  -1508.2317 384.1434 -716.6667
v  -1443.7771 1392.2180 -716.6667
v  -1443.7771 1400.3131 -716.6667
v  -1462.0583 1422.9045 -716.6667
v  -1444.6912 2003.3635 -716.6667
v  -1436.7712 0.0000 -867.9695
v  -1436.7712 100.1357 -867.9695
v  -1436.7712 100.1357 -801.2123
v  -1436.7712 0.0000 -801.2123
v  -1503.5283 100.1357 -801.2123
v  -1503.5283 0.0000 -801.2123
v  -1503.5283 100.1357 -867.9695
v  -1503.5283 0.0000 -867.9695
v  -1448.7742 103.9166 -855.9666
v  -1448.7742 103.9166 -813.2152
v  -1491.5254 103.9166 -813.2152
v  -1491.5254 103.9166 -855.9666
v  -1448.7742 771.4880 -855.9666
v  -1448.7742 771.4880 -813.2152
v  -1491.5254 771.4880 -813.2152
v  -1491.5254 771.4880 -855.9666
v  -1437.2339 775.9532 -867.5067
v  -1437.2339 775.9532 -801.6750
v  -1503.0657 775.9532 -801.6750
v  -1503.0657 775.9532 -867.5067
v  -1437.2339 789.3046 -867.5067
v  -1437.2339 789.3046 -801.6750
v  -1503.0657 789.3046 -801.6750
v  -1503.0657 789.3046 -867.5067
v  -1582.2258 0.0000 -855.9666
v  -1703.2700 375.8784 -855.9666
v  -1703.2700 375.8784 -812.2595
v  -1582.2258 0.0000 -812.2595
v  -1628.9558 0.0000 -812.2595
v  -1750.0000 375.8784 -812.2595
v  -1750.0000 375.8784 -855.9666
v  -1628.9558 0.0000 -855.9666
v  -1448.4536 1399.7689 -791.7029
v  -1448.4536 1466.5261 -791.7029
v  -1448.4536 1466.5261 -781.6893
v  -1448.4536 1399.7689 -781.6893
v  -1472.0427 1466.5261 -781.6893
v  -1472.0427 1399.7689 -781.6893
v  -1472.0427 1399.7689 -791.7029
v  -1472.0427 1466.5261 -791.7029
v  -1491.5254 179.2010 -813.2152
v  -1678.1921 179.2010 -813.2153
v  -1678.1921 179.2010 -852.6547
v  -1491.5254 179.2010 -852.6547
v  -1678.1921 241.0673 -852.6547
v  -1491.5254 241.0673 -852.6547
v  -1678.1921 241.0673 -813.2153
v  -1491.5254 241.0673 -813.2152
v  -1487.1917 528.1693 -813.7849
v  -1750.0000 528.1693 -813.7850
v  -1750.0000 500.4288 -813.7850
v  -1487.1917 500.4288 -813.7849
v  -1750.0000 500.4288 -854.4037
v  -1487.1917 500.4288 -854.4037
v  -1750.0000 528.1693 -854.4037
v  -1487.1917 528.1693 -854.4037
v  -1487.1917 687.3329 -813.7849
v  -1750.0000 687.3329 -813.7850
v  -1750.0000 659.5924 -813.7850
v  -1487.1917 659.5924 -813.7849
v  -1750.0000 659.5924 -854.4037
v  -1487.1917 659.5924 -854.4037
v  -1750.0000 687.3329 -854.4037
v  -1487.1917 687.3329 -854.4037
v  -1448.4536 1399.7689 -755.3425
v  -1448.4536 1466.5261 -755.3425
v  -1448.4536 1466.5261 -745.3290
v  -1448.4536 1399.7689 -745.3290
v  -1472.0427 1466.5261 -745.3290
v  -1472.0427 1399.7689 -745.3290
v  -1472.0427 1399.7689 -755.3425
v  -1472.0427 1466.5261 -755.3425
v  -1487.1917 374.1376 -813.7849
v  -1728.8638 374.1376 -813.7850
v  -1728.8638 346.3971 -813.7850
v  -1487.1917 346.3971 -813.7849
v  -1728.8638 346.3971 -854.4037
v  -1487.1917 346.3971 -854.4037
v  -1728.8638 374.1376 -854.4037
v  -1487.1917 374.1376 -854.4037
v  -1462.0583 2003.3635 -582.3271
v  -1746.2515 2003.3636 -582.3270
v  -1491.1548 0.0000 -620.8469
v  -1486.8213 333.8107 -620.8469
v  -1750.0000 0.0000 -620.8469
v  -1750.0000 333.8107 -620.8469
v  -1508.2317 384.1434 -628.8689
v  -1750.0000 384.1434 -628.8689
v  -1508.2317 783.4446 -628.8689
v  -1750.0000 783.4447 -628.8689
v  -1462.0583 921.2090 -582.3271
v  -1746.2515 921.2090 -582.3270
v  -1750.0000 892.0682 -562.9077
v  -1433.2156 892.0682 -562.9078
v  -1433.2156 788.6309 -562.9078
v  -1750.0000 788.6309 -562.9077
v  -1427.9890 951.8943 -634.7770
v  -1427.9890 1380.8164 -634.7770
v  -1462.0583 1437.9127 -582.3271
v  -1746.2515 1437.9127 -582.3270
v  -1462.0583 926.8484 -600.2288
v  -1462.0583 1422.9045 -600.2288
v  -1443.7771 934.5005 -620.0039
v  -1443.7771 1400.3131 -620.0039
v  -1444.6912 1462.1594 -591.3990
v  -1444.6912 2003.3635 -591.3990
v  -1443.7771 940.4929 -627.1515
v  -1443.7771 1392.2180 -627.1515
v  -1436.7712 0.0000 -565.3640
v  -1436.7712 0.0000 -632.1212
v  -1436.7712 100.1357 -632.1212
v  -1436.7712 100.1357 -565.3640
v  -1503.5283 0.0000 -632.1212
v  -1503.5283 100.1357 -632.1212
v  -1503.5283 0.0000 -565.3640
v  -1503.5283 100.1357 -565.3640
v  -1448.7742 103.9166 -620.1183
v  -1448.7742 103.9166 -577.3669
v  -1491.5254 103.9166 -620.1183
v  -1491.5254 103.9166 -577.3669
v  -1448.7742 771.4880 -620.1183
v  -1448.7742 771.4880 -577.3669
v  -1491.5254 771.4880 -620.1183
v  -1491.5254 771.4880 -577.3669
v  -1437.2339 775.9532 -631.6584
v  -1437.2339 775.9532 -565.8268
v  -1503.0657 775.9532 -631.6584
v  -1503.0657 775.9532 -565.8268
v  -1437.2339 789.3046 -631.6584
v  -1437.2339 789.3046 -565.8268
v  -1503.0657 789.3046 -631.6584
v  -1503.0657 789.3046 -565.8268
v  -1582.2258 0.0000 -577.3669
v  -1582.2258 0.0000 -621.0740
v  -1703.2700 375.8784 -621.0740
v  -1703.2700 375.8784 -577.3669
v  -1628.9558 0.0000 -621.0740
v  -1628.9558 0.0000 -577.3669
v  -1750.0000 375.8784 -577.3669
v  -1750.0000 375.8784 -621.0740
v  -1448.4536 1399.7689 -641.6306
v  -1448.4536 1399.7689 -651.6442
v  -1448.4536 1466.5261 -651.6442
v  -1448.4536 1466.5261 -641.6306
v  -1472.0427 1399.7689 -651.6442
v  -1472.0427 1466.5261 -651.6442
v  -1472.0427 1399.7689 -641.6306
v  -1472.0427 1466.5261 -641.6306
v  -1491.5254 179.2010 -620.1183
v  -1491.5254 179.2010 -580.6788
v  -1678.1919 179.2010 -580.6788
v  -1678.1919 179.2010 -620.1182
v  -1491.5254 241.0673 -580.6788
v  -1678.1919 241.0673 -580.6788
v  -1491.5254 241.0673 -620.1183
v  -1678.1919 241.0673 -620.1182
v  -1487.1917 528.1693 -619.5486
v  -1487.1917 500.4288 -619.5486
v  -1750.0000 500.4288 -619.5485
v  -1750.0000 528.1693 -619.5485
v  -1487.1917 500.4288 -578.9298
v  -1750.0000 500.4288 -578.9298
v  -1487.1917 528.1693 -578.9298
v  -1750.0000 528.1693 -578.9298
v  -1487.1917 687.3329 -619.5486
v  -1487.1917 659.5924 -619.5486
v  -1750.0000 659.5924 -619.5485
v  -1750.0000 687.3329 -619.5485
v  -1487.1917 659.5924 -578.9298
v  -1750.0000 659.5924 -578.9298
v  -1487.1917 687.3329 -578.9298
v  -1750.0000 687.3329 -578.9298
v  -1448.4536 1399.7689 -677.9910
v  -1448.4536 1399.7689 -688.0045
v  -1448.4536 1466.5261 -688.0045
v  -1448.4536 1466.5261 -677.9910
v  -1472.0427 1399.7689 -688.0045
v  -1472.0427 1466.5261 -688.0045
v  -1472.0427 1399.7689 -677.9910
v  -1472.0427 1466.5261 -677.9910
v  -1487.1917 374.1376 -619.5486
v  -1487.1917 346.3971 -619.5486
v  -1728.8638 346.3971 -619.5485
v  -1728.8638 374.1376 -619.5485
v  -1487.1917 346.3971 -578.9298
v  -1728.8638 346.3971 -578.9298
v  -1487.1917 374.1376 -578.9298
v  -1728.8638 374.1376 -578.9298
v  1465.8069 2003.3635 -582.3271
v  1750.0000 2003.3636 -582.3270
v  1750.0000 2003.3636 -716.6667
v  1465.8069 2003.3635 -716.6667
v  1494.9033 0.0000 -620.8470
v  1490.5698 333.8107 -620.8470
v  1490.5698 333.8107 -716.6667
v  1494.9033 0.0000 -716.6667
v  1753.7485 0.0000 -620.8469
v  1753.7485 333.8107 -620.8469
v  1753.7485 384.1434 -628.8689
v  1511.9802 384.1433 -628.8690
v  1753.7485 783.4447 -628.8689
v  1511.9802 783.4446 -628.8690
v  1465.8069 921.2090 -582.3271
v  1436.9641 892.0682 -562.9078
v  1753.7483 892.0682 -562.9078
v  1750.0000 921.2090 -582.3270
v  1753.7483 788.6309 -562.9078
v  1436.9641 788.6309 -562.9078
v  1431.7375 951.8943 -634.7770
v  1431.7375 1380.8164 -634.7770
v  1431.7375 1380.8164 -716.6667
v  1431.7375 951.8943 -716.6667
v  1750.0000 1437.9127 -582.3270
v  1465.8069 1437.9127 -582.3271
v  1465.8069 1422.9045 -600.2288
v  1465.8069 926.8484 -600.2288
v  1447.5256 1400.3131 -620.0040
v  1447.5256 934.5005 -620.0040
v  1448.4397 1462.1594 -591.3990
v  1448.4397 1462.1594 -716.6667
v  1465.8069 1437.9127 -716.6667
v  1448.4397 2003.3635 -591.3990
v  1447.5256 1392.2180 -627.1515
v  1447.5256 940.4929 -627.1515
v  1447.5256 940.4929 -716.6667
v  1447.5256 934.5005 -716.6667
v  1511.9802 783.4446 -716.6667
v  1436.9641 788.6309 -716.6667
v  1465.8069 926.8484 -716.6667
v  1436.9641 892.0682 -716.6667
v  1465.8069 921.2090 -716.6667
v  1511.9802 384.1434 -716.6667
v  1447.5256 1392.2180 -716.6667
v  1447.5256 1400.3131 -716.6667
v  1465.8069 1422.9045 -716.6667
v  1448.4397 2003.3635 -716.6667
v  1440.5195 0.0000 -565.3641
v  1440.5195 100.1357 -565.3641
v  1440.5195 100.1357 -632.1212
v  1440.5195 0.0000 -632.1212
v  1507.2769 100.1357 -632.1212
v  1507.2769 0.0000 -632.1212
v  1507.2766 100.1357 -565.3641
v  1507.2766 0.0000 -565.3641
v  1452.5225 103.9166 -577.3671
v  1452.5225 103.9166 -620.1183
v  1495.2739 103.9166 -620.1183
v  1495.2737 103.9166 -577.3671
v  1452.5225 771.4880 -577.3671
v  1452.5225 771.4880 -620.1183
v  1495.2739 771.4880 -620.1183
v  1495.2737 771.4880 -577.3671
v  1440.9822 775.9532 -565.8268
v  1440.9824 775.9532 -631.6586
v  1506.8140 775.9532 -631.6586
v  1506.8140 775.9532 -565.8268
v  1440.9822 789.3046 -565.8268
v  1440.9824 789.3046 -631.6586
v  1506.8140 789.3046 -631.6586
v  1506.8140 789.3046 -565.8268
v  1585.9744 0.0000 -577.3671
v  1707.0186 375.8784 -577.3671
v  1707.0186 375.8784 -621.0741
v  1585.9744 0.0000 -621.0741
v  1632.7043 0.0000 -621.0741
v  1753.7485 375.8784 -621.0741
v  1753.7485 375.8784 -577.3671
v  1632.7043 0.0000 -577.3671
v  1452.2021 1399.7689 -641.6306
v  1452.2021 1466.5261 -641.6306
v  1452.2021 1466.5261 -651.6442
v  1452.2021 1399.7689 -651.6442
v  1475.7913 1466.5261 -651.6442
v  1475.7913 1399.7689 -651.6442
v  1475.7913 1399.7689 -641.6306
v  1475.7913 1466.5261 -641.6306
v  1495.2739 179.2010 -620.1183
v  1681.9404 179.2010 -620.1183
v  1681.9404 179.2010 -580.6788
v  1495.2737 179.2010 -580.6788
v  1681.9404 241.0673 -580.6788
v  1495.2737 241.0673 -580.6788
v  1681.9404 241.0673 -620.1183
v  1495.2739 241.0673 -620.1183
v  1490.9402 528.1693 -619.5486
v  1753.7485 528.1693 -619.5485
v  1753.7485 500.4288 -619.5485
v  1490.9402 500.4288 -619.5486
v  1753.7485 500.4288 -578.9298
v  1490.9402 500.4288 -578.9298
v  1753.7485 528.1693 -578.9298
v  1490.9402 528.1693 -578.9298
v  1490.9402 687.3329 -619.5486
v  1753.7485 687.3329 -619.5485
v  1753.7485 659.5924 -619.5485
v  1490.9402 659.5924 -619.5486
v  1753.7485 659.5924 -578.9298
v  1490.9402 659.5924 -578.9298
v  1753.7485 687.3329 -578.9298
v  1490.9402 687.3329 -578.9298
v  1452.2021 1399.7689 -677.9911
v  1452.2021 1466.5261 -677.9911
v  1452.2021 1466.5261 -688.0046
v  1452.2021 1399.7689 -688.0046
v  1475.7913 1466.5261 -688.0046
v  1475.7913 1399.7689 -688.0046
v  1475.7913 1399.7689 -677.9911
v  1475.7913 1466.5261 -677.9911
v  1490.9402 374.1376 -619.5486
v  1732.6121 374.1376 -619.5485
v  1732.6121 346.3971 -619.5485
v  1490.9402 346.3971 -619.5486
v  1732.6121 346.3971 -578.9298
v  1490.9402 346.3971 -578.9298
v  1732.6121 374.1376 -578.9298
v  1490.9402 374.1376 -578.9298
v  1465.8069 2003.3635 -851.0065
v  1750.0000 2003.3636 -851.0065
v  1494.9033 0.0000 -812.4866
v  1490.5698 333.8107 -812.4866
v  1753.7485 0.0000 -812.4866
v  1753.7485 333.8107 -812.4866
v  1511.9802 384.1434 -804.4646
v  1753.7485 384.1434 -804.4646
v  1511.9802 783.4446 -804.4646
v  1753.7485 783.4447 -804.4646
v  1465.8069 921.2090 -851.0065
v  1750.0000 921.2090 -851.0065
v  1753.7485 892.0682 -870.4257
v  1436.9641 892.0682 -870.4257
v  1436.9641 788.6309 -870.4257
v  1753.7485 788.6309 -870.4257
v  1431.7375 951.8943 -798.5565
v  1431.7375 1380.8164 -798.5565
v  1465.8069 1437.9127 -851.0065
v  1750.0000 1437.9127 -851.0065
v  1465.8069 926.8484 -833.1049
v  1465.8069 1422.9045 -833.1049
v  1447.5256 934.5005 -813.3296
v  1447.5256 1400.3131 -813.3296
v  1448.4397 1462.1594 -841.9344
v  1448.4397 2003.3635 -841.9344
v  1447.5256 940.4929 -806.1820
v  1447.5256 1392.2180 -806.1820
v  1440.5195 0.0000 -867.9695
v  1440.5195 0.0000 -801.2123
v  1440.5195 100.1357 -801.2123
v  1440.5195 100.1357 -867.9695
v  1507.2769 0.0000 -801.2123
v  1507.2769 100.1357 -801.2123
v  1507.2766 0.0000 -867.9695
v  1507.2766 100.1357 -867.9695
v  1452.5225 103.9166 -813.2152
v  1452.5225 103.9166 -855.9666
v  1495.2739 103.9166 -813.2152
v  1495.2739 103.9166 -855.9666
v  1452.5225 771.4880 -813.2152
v  1452.5225 771.4880 -855.9666
v  1495.2739 771.4880 -813.2152
v  1495.2739 771.4880 -855.9666
v  1440.9824 775.9532 -801.6750
v  1440.9822 775.9532 -867.5067
v  1506.8140 775.9532 -801.6750
v  1506.8140 775.9532 -867.5067
v  1440.9824 789.3046 -801.6750
v  1440.9822 789.3046 -867.5067
v  1506.8140 789.3046 -801.6750
v  1506.8140 789.3046 -867.5067
v  1585.9744 0.0000 -855.9666
v  1585.9744 0.0000 -812.2595
v  1707.0186 375.8784 -812.2595
v  1707.0186 375.8784 -855.9666
v  1632.7043 0.0000 -812.2595
v  1632.7043 0.0000 -855.9666
v  1753.7485 375.8784 -855.9664
v  1753.7485 375.8784 -812.2595
v  1452.2021 1399.7689 -791.7029
v  1452.2021 1399.7689 -781.6893
v  1452.2021 1466.5261 -781.6893
v  1452.2021 1466.5261 -791.7029
v  1475.7913 1399.7689 -781.6893
v  1475.7913 1466.5261 -781.6893
v  1475.7913 1399.7689 -791.7029
v  1475.7913 1466.5261 -791.7029
v  1495.2739 179.2010 -813.2152
v  1495.2739 179.2010 -852.6547
v  1681.9404 179.2010 -852.6547
v  1681.9404 179.2010 -813.2153
v  1495.2739 241.0673 -852.6547
v  1681.9404 241.0673 -852.6547
v  1495.2739 241.0673 -813.2152
v  1681.9404 241.0673 -813.2153
v  1490.9402 528.1693 -813.7849
v  1490.9402 500.4288 -813.7849
v  1753.7485 500.4288 -813.7850
v  1753.7485 528.1693 -813.7850
v  1490.9402 500.4288 -854.4037
v  1753.7485 500.4288 -854.4037
v  1490.9402 528.1693 -854.4037
v  1753.7485 528.1693 -854.4037
v  1490.9402 687.3329 -813.7849
v  1490.9402 659.5924 -813.7849
v  1753.7485 659.5924 -813.7850
v  1753.7485 687.3329 -813.7850
v  1490.9402 659.5924 -854.4037
v  1753.7485 659.5924 -854.4037
v  1490.9402 687.3329 -854.4037
v  1753.7485 687.3329 -854.4037
v  1452.2021 1399.7689 -755.3425
v  1452.2021 1399.7689 -745.3290
v  1452.2021 1466.5261 -745.3290
v  1452.2021 1466.5261 -755.3425
v  1475.7913 1399.7689 -745.3290
v  1475.7913 1466.5261 -745.3290
v  1475.7913 1399.7689 -755.3425
v  1475.7913 1466.5261 -755.3425
v  1490.9402 374.1376 -813.7849
v  1490.9402 346.3971 -813.7849
v  1732.6121 346.3971 -813.7850
v  1732.6121 374.1376 -813.7850
v  1490.9402 346.3971 -854.4037
v  1732.6121 346.3971 -854.4037
v  1490.9402 374.1376 -854.4037
v  1732.6121 374.1376 -854.4037
v  1465.8069 2003.3635 1084.3394
v  1750.0000 2003.3636 1084.3396
v  1750.0000 2003.3636 949.9998
v  1465.8069 2003.3635 949.9998
v  1494.9033 0.0000 1045.8196
v  1490.5698 333.8107 1045.8196
v  1490.5698 333.8107 949.9998
v  1494.9033 0.0000 949.9998
v  1753.7485 0.0000 1045.8196
v  1753.7485 333.8107 1045.8196
v  1753.7485 384.1434 1037.7976
v  1511.9802 384.1433 1037.7976
v  1753.7485 783.4447 1037.7976
v  1511.9802 783.4446 1037.7976
v  1465.8069 921.2090 1084.3394
v  1436.9641 892.0682 1103.7588
v  1753.7483 892.0682 1103.7588
v  1750.0000 921.2090 1084.3396
v  1753.7483 788.6309 1103.7588
v  1436.9641 788.6309 1103.7588
v  1431.7375 951.8943 1031.8896
v  1431.7375 1380.8164 1031.8896
v  1431.7375 1380.8164 949.9998
v  1431.7375 951.8943 949.9998
v  1750.0000 1437.9127 1084.3396
v  1465.8069 1437.9127 1084.3394
v  1465.8069 1422.9045 1066.4377
v  1465.8069 926.8484 1066.4377
v  1447.5256 1400.3131 1046.6626
v  1447.5256 934.5005 1046.6626
v  1448.4397 1462.1594 1075.2676
v  1448.4397 1462.1594 949.9998
v  1465.8069 1437.9127 949.9998
v  1448.4397 2003.3635 1075.2676
v  1447.5256 1392.2180 1039.5151
v  1447.5256 940.4929 1039.5151
v  1447.5256 940.4929 949.9998
v  1447.5256 934.5005 949.9998
v  1511.9802 783.4446 949.9998
v  1436.9641 788.6309 949.9998
v  1465.8069 926.8484 949.9998
v  1436.9641 892.0682 949.9998
v  1465.8069 921.2090 949.9998
v  1511.9802 384.1434 949.9998
v  1447.5256 1392.2180 949.9998
v  1447.5256 1400.3131 949.9998
v  1465.8069 1422.9045 949.9998
v  1448.4397 2003.3635 949.9998
v  1440.5195 0.0000 1101.3025
v  1440.5195 100.1357 1101.3025
v  1440.5195 100.1357 1034.5454
v  1440.5195 0.0000 1034.5454
v  1507.2769 100.1357 1034.5454
v  1507.2769 0.0000 1034.5454
v  1507.2766 100.1357 1101.3025
v  1507.2766 0.0000 1101.3025
v  1452.5225 103.9166 1089.2996
v  1452.5225 103.9166 1046.5483
v  1495.2739 103.9166 1046.5483
v  1495.2737 103.9166 1089.2996
v  1452.5225 771.4880 1089.2996
v  1452.5225 771.4880 1046.5483
v  1495.2739 771.4880 1046.5483
v  1495.2737 771.4880 1089.2996
v  1440.9822 775.9532 1100.8398
v  1440.9824 775.9532 1035.0081
v  1506.8140 775.9532 1035.0081
v  1506.8140 775.9532 1100.8398
v  1440.9822 789.3046 1100.8398
v  1440.9824 789.3046 1035.0081
v  1506.8140 789.3046 1035.0081
v  1506.8140 789.3046 1100.8398
v  1585.9744 0.0000 1089.2996
v  1707.0186 375.8784 1089.2996
v  1707.0186 375.8784 1045.5925
v  1585.9744 0.0000 1045.5925
v  1632.7043 0.0000 1045.5925
v  1753.7485 375.8784 1045.5925
v  1753.7485 375.8784 1089.2996
v  1632.7043 0.0000 1089.2996
v  1452.2021 1399.7689 1025.0359
v  1452.2021 1466.5261 1025.0359
v  1452.2021 1466.5261 1015.0225
v  1452.2021 1399.7689 1015.0225
v  1475.7913 1466.5261 1015.0225
v  1475.7913 1399.7689 1015.0225
v  1475.7913 1399.7689 1025.0359
v  1475.7913 1466.5261 1025.0359
v  1495.2739 179.2010 1046.5483
v  1681.9404 179.2010 1046.5483
v  1681.9404 179.2010 1085.9878
v  1495.2737 179.2010 1085.9878
v  1681.9404 241.0673 1085.9878
v  1495.2737 241.0673 1085.9878
v  1681.9404 241.0673 1046.5483
v  1495.2739 241.0673 1046.5483
v  1490.9402 528.1693 1047.1179
v  1753.7485 528.1693 1047.1182
v  1753.7485 500.4288 1047.1182
v  1490.9402 500.4288 1047.1179
v  1753.7485 500.4288 1087.7368
v  1490.9402 500.4288 1087.7368
v  1753.7485 528.1693 1087.7368
v  1490.9402 528.1693 1087.7368
v  1490.9402 687.3329 1047.1179
v  1753.7485 687.3329 1047.1182
v  1753.7485 659.5924 1047.1182
v  1490.9402 659.5924 1047.1179
v  1753.7485 659.5924 1087.7368
v  1490.9402 659.5924 1087.7368
v  1753.7485 687.3329 1087.7368
v  1490.9402 687.3329 1087.7368
v  1452.2021 1399.7689 988.6755
v  1452.2021 1466.5261 988.6755
v  1452.2021 1466.5261 978.6621
v  1452.2021 1399.7689 978.6621
v  1475.7913 1466.5261 978.6621
v  1475.7913 1399.7689 978.6621
v  1475.7913 1399.7689 988.6755
v  1475.7913 1466.5261 988.6755
v  1490.9402 374.1376 1047.1179
v  1732.6121 374.1376 1047.1182
v  1732.6121 346.3971 1047.1182
v  1490.9402 346.3971 1047.1179
v  1732.6121 346.3971 1087.7368
v  1490.9402 346.3971 1087.7368
v  1732.6121 374.1376 1087.7368
v  1490.9402 374.1376 1087.7368
v  1465.8069 2003.3635 815.6602
v  1750.0000 2003.3636 815.6602
v  1494.9033 0.0000 854.1802
v  1490.5698 333.8107 854.1802
v  1753.7485 0.0000 854.1799
v  1753.7485 333.8107 854.1799
v  1511.9802 384.1434 862.2021
v  1753.7485 384.1434 862.2019
v  1511.9802 783.4446 862.2021
v  1753.7485 783.4447 862.2019
v  1465.8069 921.2090 815.6602
v  1750.0000 921.2090 815.6602
v  1753.7485 892.0682 796.2410
v  1436.9641 892.0682 796.2410
v  1436.9641 788.6309 796.2410
v  1753.7485 788.6309 796.2410
v  1431.7375 951.8943 868.1101
v  1431.7375 1380.8164 868.1101
v  1465.8069 1437.9127 815.6602
v  1750.0000 1437.9127 815.6602
v  1465.8069 926.8484 833.5618
v  1465.8069 1422.9045 833.5618
v  1447.5256 934.5005 853.3369
v  1447.5256 1400.3131 853.3369
v  1448.4397 1462.1594 824.7322
v  1448.4397 2003.3635 824.7322
v  1447.5256 940.4929 860.4846
v  1447.5256 1392.2180 860.4846
v  1440.5195 0.0000 798.6973
v  1440.5195 0.0000 865.4543
v  1440.5195 100.1357 865.4543
v  1440.5195 100.1357 798.6973
v  1507.2769 0.0000 865.4543
v  1507.2769 100.1357 865.4543
v  1507.2766 0.0000 798.6973
v  1507.2766 100.1357 798.6973
v  1452.5225 103.9166 853.4514
v  1452.5225 103.9166 810.7002
v  1495.2739 103.9166 853.4514
v  1495.2739 103.9166 810.7002
v  1452.5225 771.4880 853.4514
v  1452.5225 771.4880 810.7002
v  1495.2739 771.4880 853.4514
v  1495.2739 771.4880 810.7002
v  1440.9824 775.9532 864.9917
v  1440.9822 775.9532 799.1599
v  1506.8140 775.9532 864.9917
v  1506.8140 775.9532 799.1599
v  1440.9824 789.3046 864.9917
v  1440.9822 789.3046 799.1599
v  1506.8140 789.3046 864.9917
v  1506.8140 789.3046 799.1599
v  1585.9744 0.0000 810.7002
v  1585.9744 0.0000 854.4072
v  1707.0186 375.8784 854.4072
v  1707.0186 375.8784 810.7002
v  1632.7043 0.0000 854.4072
v  1632.7043 0.0000 810.7002
v  1753.7485 375.8784 810.7002
v  1753.7485 375.8784 854.4072
v  1452.2021 1399.7689 874.9636
v  1452.2021 1399.7689 884.9773
v  1452.2021 1466.5261 884.9773
v  1452.2021 1466.5261 874.9636
v  1475.7913 1399.7689 884.9773
v  1475.7913 1466.5261 884.9773
v  1475.7913 1399.7689 874.9636
v  1475.7913 1466.5261 874.9636
v  1495.2739 179.2010 853.4514
v  1495.2739 179.2010 814.0120
v  1681.9404 179.2010 814.0120
v  1681.9404 179.2010 853.4514
v  1495.2739 241.0673 814.0120
v  1681.9404 241.0673 814.0120
v  1495.2739 241.0673 853.4514
v  1681.9404 241.0673 853.4514
v  1490.9402 528.1693 852.8816
v  1490.9402 500.4288 852.8816
v  1753.7485 500.4288 852.8816
v  1753.7485 528.1693 852.8816
v  1490.9402 500.4288 812.2629
v  1753.7485 500.4288 812.2629
v  1490.9402 528.1693 812.2629
v  1753.7485 528.1693 812.2629
v  1490.9402 687.3329 852.8816
v  1490.9402 659.5924 852.8816
v  1753.7485 659.5924 852.8816
v  1753.7485 687.3329 852.8816
v  1490.9402 659.5924 812.2629
v  1753.7485 659.5924 812.2629
v  1490.9402 687.3329 812.2629
v  1753.7485 687.3329 812.2629
v  1452.2021 1399.7689 911.3240
v  1452.2021 1399.7689 921.3376
v  1452.2021 1466.5261 921.3376
v  1452.2021 1466.5261 911.3240
v  1475.7913 1399.7689 921.3376
v  1475.7913 1466.5261 921.3376
v  1475.7913 1399.7689 911.3240
v  1475.7913 1466.5261 911.3240
v  1490.9402 374.1376 852.8816
v  1490.9402 346.3971 852.8816
v  1732.6121 346.3971 852.8816
v  1732.6121 374.1376 852.8816
v  1490.9402 346.3971 812.2629
v  1732.6121 346.3971 812.2629
v  1490.9402 374.1376 812.2629
v  1732.6121 374.1376 812.2629
v  1034.9745 0.0000 -2166.8879
v  1034.9745 80.0961 -2166.8879
v  1116.1400 80.0961 -2145.1396
v  1116.1400 0.0000 -2145.1396
v  1119.9210 91.8013 -2124.5032
v  1094.6420 91.7061 -2030.2998
v  1094.6420 80.0961 -2030.2998
v  1122.4736 80.0961 -2134.1692
v  1122.4736 0.0000 -2134.1692
v  1094.6420 0.0000 -2030.2998
v  1122.6315 162.9101 -2134.1270
v  1094.6420 163.4061 -2030.2998
v  1094.6420 103.3161 -2030.2998
v  1122.5432 103.5065 -2134.1506
v  1108.2988 172.9518 -2123.0945
v  1084.0686 172.9518 -2033.1331
v  1113.5717 91.9202 -2135.5544
v  1116.1782 103.7443 -2145.2822
v  1116.1702 163.0737 -2145.2524
v  1101.6995 172.9518 -2134.5515
v  1031.3378 172.9518 -2153.3154
v  1012.0601 172.9518 -2081.3699
v  1004.8245 172.9518 -2054.3665
v  1034.9746 163.4048 -2166.8884
v  1032.3871 91.7069 -2157.2314
v  1055.8401 80.0961 -1920.0974
v  974.6746 80.0961 -1941.8457
v  974.6746 0.0000 -1941.8457
v  1055.8401 0.0000 -1920.0974
v  1069.4326 91.8013 -1936.0781
v  1066.8103 80.0961 -1926.4307
v  1066.8103 0.0000 -1926.4307
v  1066.9681 162.9101 -1926.3884
v  1066.8799 103.5065 -1926.4121
v  1060.0720 172.9518 -1943.1094
v  1058.4084 91.9202 -1929.6826
v  1055.8098 163.0737 -1919.9846
v  1055.8018 103.7443 -1919.9543
v  997.5891 172.9518 -2027.3635
v  978.3113 172.9518 -1955.4180
v  1048.6281 172.9518 -1936.4868
v  974.6744 163.4048 -1941.8452
v  977.2620 91.7069 -1951.5020
v  1032.6561 0.0000 -2158.2356
v  1034.9746 103.3178 -2166.8884
v  976.9928 0.0000 -1950.4973
v  974.6744 103.3178 -1941.8450
v  953.8090 80.0961 -2188.6362
v  953.8090 0.0000 -2188.6362
v  915.0070 80.0961 -2078.4329
v  915.0070 91.7061 -2078.4329
v  940.2165 91.8013 -2172.6550
v  942.8387 80.0961 -2182.3022
v  942.8387 0.0000 -2182.3022
v  915.0070 0.0000 -2078.4329
v  915.0070 103.3161 -2078.4329
v  915.0070 163.4061 -2078.4329
v  942.6808 162.9101 -2182.3447
v  942.7692 103.5065 -2182.3210
v  925.5804 172.9518 -2075.5999
v  949.5770 172.9518 -2165.6238
v  951.2406 91.9202 -2179.0510
v  953.8392 163.0737 -2188.7490
v  953.8472 103.7443 -2188.7788
v  961.0210 172.9518 -2172.2463
v  893.5090 80.0961 -1963.5940
v  893.5090 0.0000 -1963.5940
v  889.7281 91.8013 -1984.2300
v  887.1753 80.0961 -1974.5637
v  887.1753 0.0000 -1974.5637
v  887.0175 162.9101 -1974.6062
v  887.1058 103.5065 -1974.5825
v  901.3502 172.9518 -1985.6387
v  896.0774 91.9202 -1973.1792
v  893.4708 103.7443 -1963.4509
v  893.4788 163.0737 -1963.4812
v  907.9496 172.9518 -1974.1816
v  1004.8245 0.0000 -2054.3665
v  864.3258 172.9517 -2231.5869
v  864.3258 253.0478 -2231.5869
v  937.0968 253.0478 -2273.6013
v  937.0968 172.9517 -2273.6013
v  954.3624 264.7530 -2261.6826
v  1003.0992 264.6578 -2177.1958
v  1003.0992 253.0478 -2177.1958
v  949.3325 253.0478 -2270.3225
v  949.3325 172.9517 -2270.3225
v  1003.0992 172.9517 -2177.1958
v  949.4740 335.8618 -2270.4041
v  1003.0992 336.3578 -2177.1958
v  1003.0992 276.2678 -2177.1958
v  949.3949 276.4582 -2270.3584
v  947.1405 345.9035 -2252.4683
v  993.6195 345.9036 -2171.7227
v  942.0585 264.8719 -2265.0073
v  937.0229 276.6960 -2273.7290
v  937.0385 336.0255 -2273.7021
v  934.3727 345.9035 -2255.9031
v  871.3514 345.9036 -2219.4180
v  908.5931 345.9036 -2154.9136
v  922.5712 345.9036 -2130.7029
v  864.3256 336.3565 -2231.5872
v  869.3243 264.6587 -2222.9292
v  1053.5873 253.0478 -2071.8337
v  980.8163 253.0478 -2029.8193
v  980.8163 172.9517 -2029.8193
v  1053.5873 172.9517 -2071.8337
v  1051.8984 264.7530 -2092.7454
v  1056.8658 253.0478 -2084.0693
v  1056.8658 172.9517 -2084.0693
v  1057.0073 335.8618 -2084.1509
v  1056.9282 276.4582 -2084.1052
v  1040.3076 345.9035 -2091.0979
v  1048.6256 264.8719 -2080.4277
v  1053.6456 336.0255 -2071.7327
v  1053.6613 276.6960 -2071.7056
v  936.5490 345.9035 -2106.4927
v  973.7906 345.9036 -2041.9880
v  1036.8986 345.9035 -2078.3230
v  980.8165 336.3565 -2029.8188
v  975.8177 264.6587 -2038.4771
v  868.8046 172.9517 -2223.8293
v  864.3256 276.2695 -2231.5872
v  976.3378 172.9517 -2037.5764
v  980.8167 276.2695 -2029.8186
v  791.5547 253.0478 -2189.5725
v  791.5547 172.9517 -2189.5725
v  842.0430 253.0478 -2084.2100
v  842.0430 264.6578 -2084.2100
v  793.2437 264.7530 -2168.6606
v  788.2762 253.0478 -2177.3367
v  788.2762 172.9517 -2177.3367
v  842.0430 172.9517 -2084.2100
v  842.0430 276.2678 -2084.2100
v  842.0430 336.3578 -2084.2100
v  788.1346 335.8618 -2177.2549
v  788.2139 276.4582 -2177.3005
v  851.5228 345.9036 -2089.6831
v  804.8345 345.9036 -2170.3079
v  796.5164 264.8719 -2180.9785
v  791.4963 336.0255 -2189.6733
v  791.4808 276.6960 -2189.7002
v  808.2438 345.9036 -2183.0825
v  908.0452 253.0478 -1987.8049
v  908.0452 172.9517 -1987.8049
v  890.7797 264.7530 -1999.7234
v  895.8096 253.0478 -1991.0835
v  895.8096 172.9517 -1991.0835
v  895.6680 335.8618 -1991.0017
v  895.7472 276.4582 -1991.0474
v  898.0016 345.9036 -2008.9375
v  903.0835 264.8719 -1996.3989
v  908.1191 276.6960 -1987.6768
v  908.1035 336.0255 -1987.7039
v  910.7697 345.9036 -2005.5024
v  922.5712 172.9517 -2130.7029
v  -1220.5160 0.0000 -2182.4448
v  -1220.5160 80.0961 -2182.4448
v  -1198.7677 80.0961 -2263.6104
v  -1198.7677 0.0000 -2263.6104
v  -1178.1312 91.8013 -2267.3914
v  -1083.9279 91.7061 -2242.1123
v  -1083.9279 80.0961 -2242.1123
v  -1187.7972 80.0961 -2269.9441
v  -1187.7972 0.0000 -2269.9441
v  -1083.9279 0.0000 -2242.1123
v  -1187.7550 162.9101 -2270.1021
v  -1083.9279 163.4061 -2242.1123
v  -1083.9279 103.3161 -2242.1123
v  -1187.7787 103.5065 -2270.0137
v  -1176.7225 172.9518 -2255.7693
v  -1086.7611 172.9518 -2231.5391
v  -1189.1825 91.9202 -2261.0420
v  -1198.9103 103.7443 -2263.6487
v  -1198.8805 163.0737 -2263.6406
v  -1188.1796 172.9518 -2249.1697
v  -1206.9435 172.9518 -2178.8081
v  -1134.9979 172.9518 -2159.5303
v  -1107.9945 172.9518 -2152.2949
v  -1220.5165 163.4048 -2182.4451
v  -1210.8595 91.7069 -2179.8574
v  -973.7255 80.0961 -2203.3105
v  -995.4738 80.0961 -2122.1450
v  -995.4738 0.0000 -2122.1450
v  -973.7255 0.0000 -2203.3105
v  -989.7062 91.8013 -2216.9031
v  -980.0587 80.0961 -2214.2808
v  -980.0587 0.0000 -2214.2808
v  -980.0165 162.9101 -2214.4385
v  -980.0402 103.5065 -2214.3501
v  -996.7374 172.9518 -2207.5425
v  -983.3107 91.9202 -2205.8789
v  -973.6127 163.0737 -2203.2803
v  -973.5824 103.7443 -2203.2722
v  -1080.9916 172.9518 -2145.0596
v  -1009.0460 172.9518 -2125.7817
v  -990.1149 172.9518 -2196.0984
v  -995.4733 163.4048 -2122.1448
v  -1005.1300 91.7069 -2124.7324
v  -1211.8636 0.0000 -2180.1265
v  -1220.5165 103.3178 -2182.4451
v  -1004.1254 0.0000 -2124.4631
v  -995.4730 103.3178 -2122.1448
v  -1242.2643 80.0961 -2101.2793
v  -1242.2643 0.0000 -2101.2793
v  -1132.0609 80.0961 -2062.4775
v  -1132.0609 91.7061 -2062.4775
v  -1226.2831 91.8013 -2087.6868
v  -1235.9303 80.0961 -2090.3091
v  -1235.9303 0.0000 -2090.3091
v  -1132.0609 0.0000 -2062.4775
v  -1132.0609 103.3161 -2062.4775
v  -1132.0609 163.4061 -2062.4775
v  -1235.9728 162.9101 -2090.1514
v  -1235.9491 103.5065 -2090.2395
v  -1129.2279 172.9518 -2073.0508
v  -1219.2518 172.9518 -2097.0474
v  -1232.6791 91.9202 -2098.7109
v  -1242.3771 163.0737 -2101.3096
v  -1242.4069 103.7443 -2101.3176
v  -1225.8744 172.9518 -2108.4912
v  -1017.2220 80.0961 -2040.9795
v  -1017.2220 0.0000 -2040.9795
v  -1037.8580 91.8013 -2037.1985
v  -1028.1918 80.0961 -2034.6458
v  -1028.1918 0.0000 -2034.6458
v  -1028.2343 162.9101 -2034.4878
v  -1028.2106 103.5065 -2034.5762
v  -1039.2667 172.9518 -2048.8206
v  -1026.8073 91.9202 -2043.5479
v  -1017.0790 103.7443 -2040.9412
v  -1017.1093 163.0737 -2040.9492
v  -1027.8097 172.9518 -2055.4199
v  -1107.9945 0.0000 -2152.2949
v  -942.0791 0.0000 -2319.6711
v  -942.0791 80.0961 -2319.6711
v  -882.6619 80.0961 -2379.0884
v  -882.6619 0.0000 -2379.0884
v  -862.8999 91.8013 -2372.0447
v  -793.9568 91.7061 -2303.0508
v  -793.9568 80.0961 -2303.0508
v  -869.9944 80.0961 -2379.0884
v  -869.9944 0.0000 -2379.0884
v  -793.9568 0.0000 -2303.0508
v  -869.8789 162.9101 -2379.2039
v  -793.9568 163.4061 -2303.0508
v  -793.9568 103.3161 -2303.0508
v  -869.9435 103.5065 -2379.1392
v  -867.4907 172.9518 -2361.2751
v  -801.6970 172.9518 -2295.3105
v  -875.6450 91.9202 -2372.0715
v  -882.7664 103.7443 -2379.1929
v  -882.7444 163.0737 -2379.1709
v  -880.7125 172.9518 -2361.2886
v  -932.1434 172.9518 -2309.7354
v  -879.4757 172.9518 -2257.0679
v  -859.7078 172.9518 -2237.2998
v  -942.0795 163.4048 -2319.6714
v  -935.0101 91.7069 -2312.6021
v  -717.9194 80.0961 -2214.3459
v  -777.3367 80.0961 -2154.9287
v  -777.3367 0.0000 -2154.9287
v  -717.9194 0.0000 -2214.3459
v  -724.9631 91.8013 -2234.1079
v  -717.9193 80.0961 -2227.0132
v  -717.9193 0.0000 -2227.0132
v  -717.8038 162.9101 -2227.1289
v  -717.8684 103.5065 -2227.0642
v  -735.7325 172.9518 -2229.5171
v  -724.9364 91.9202 -2221.3628
v  -717.8369 163.0737 -2214.2634
v  -717.8148 103.7443 -2214.2412
v  -839.9402 172.9518 -2217.5322
v  -787.2725 172.9518 -2164.8645
v  -735.7191 172.9518 -2216.2949
v  -777.3364 163.4048 -2154.9285
v  -784.4058 91.7069 -2161.9978
v  -935.7452 0.0000 -2313.3374
v  -942.0795 103.3178 -2319.6714
v  -783.6703 0.0000 -2161.2622
v  -777.3362 103.3178 -2154.9282
v  -1001.4965 80.0961 -2260.2539
v  -1001.4965 0.0000 -2260.2539
v  -925.4587 80.0961 -2171.5488
v  -925.4587 91.7061 -2171.5488
v  -994.4528 91.8013 -2240.4917
v  -1001.4962 80.0961 -2247.5864
v  -1001.4962 0.0000 -2247.5864
v  -925.4587 0.0000 -2171.5488
v  -925.4587 103.3161 -2171.5488
v  -925.4587 163.4061 -2171.5488
v  -1001.6119 162.9101 -2247.4707
v  -1001.5472 103.5065 -2247.5356
v  -917.7185 172.9518 -2179.2891
v  -983.6831 172.9518 -2245.0828
v  -994.4796 91.9202 -2253.2368
v  -1001.5790 163.0737 -2260.3364
v  -1001.6010 103.7443 -2260.3584
v  -983.6963 172.9518 -2258.3047
v  -836.7540 80.0961 -2095.5112
v  -836.7540 0.0000 -2095.5112
v  -856.5160 91.8013 -2102.5552
v  -849.4213 80.0961 -2095.5112
v  -849.4213 0.0000 -2095.5112
v  -849.5369 162.9101 -2095.3958
v  -849.4722 103.5065 -2095.4604
v  -851.9249 172.9518 -2113.3247
v  -843.7710 91.9202 -2102.5283
v  -836.6494 103.7443 -2095.4067
v  -836.6715 163.0737 -2095.4287
v  -838.7029 172.9518 -2113.3113
v  -859.7078 0.0000 -2237.2998
v  -1628.9558 0.0000 2499.9998
v  1632.7041 0.0000 2499.9998
v  1632.7041 0.0000 -2500.0000
v  -1628.9558 0.0000 -2500.0000
v  1749.9999 375.8784 -2500.0000
v  1750.0000 2000.5771 -2500.0000
v  -1750.0000 2000.5771 -2500.0000
v  -1750.0002 375.8784 -2500.0000
v  -1750.0000 375.8784 -2500.0000
v  -1750.0000 375.8784 2499.9998
v  1750.0000 375.8784 2499.9998
v  1750.0000 375.8784 -2500.0000
v  -1750.0000 2000.5770 -2500.0000
v  -1750.0000 2000.5770 2499.9998
v  1750.0000 2000.5770 2499.9998
v  1750.0000 2000.5770 -2500.0000
# 1350 vertices

vn -1.0000 -0.0000 -0.0000
vn -0.9391 0.3438 -0.0000
vn -0.8884 0.3050 -0.3430
vn -0.2198 -0.0015 -0.9756
vn 0.0000 -0.0015 -1.0000
vn 0.0000 -0.0008 -1.0000
vn -0.4273 0.1931 -0.8832
vn 0.0000 0.0000 -1.0000
vn 0.0000 -0.0000 -1.0000
vn -0.3052 -0.2671 -0.9141
vn -0.0854 0.9304 -0.3565
vn 0.0000 0.9343 -0.3565
vn 0.0000 0.7462 -0.6657
vn -0.8913 -0.0061 -0.4533
vn -0.7079 -0.0000 -0.7063
vn -0.7079 0.0000 -0.7063
vn -0.3051 0.9472 -0.0988
vn -0.2928 0.9562 -0.0000
vn 0.0000 1.0000 -0.0000
vn -0.5736 0.8192 -0.0011
vn -0.5736 0.8192 -0.0000
vn -0.3419 0.8732 -0.3473
vn -1.0000 -0.0008 -0.0000
vn -0.8932 -0.4160 -0.1709
vn 0.8884 0.3050 -0.3430
vn 0.9391 0.3438 -0.0000
vn 1.0000 0.0000 -0.0000
vn 0.2198 -0.0015 -0.9756
vn 0.4273 0.1931 -0.8832
vn 0.3052 -0.2671 -0.9141
vn 0.0854 0.9304 -0.3565
vn 0.8913 -0.0061 -0.4533
vn 0.7079 -0.0000 -0.7063
vn 0.7079 0.0000 -0.7063
vn 0.2928 0.9562 -0.0000
vn 0.3051 0.9472 -0.0988
vn 0.5736 0.8192 -0.0000
vn 0.5736 0.8192 -0.0011
vn 0.3419 0.8732 -0.3473
vn 1.0000 -0.0008 -0.0000
vn 0.8932 -0.4160 -0.1709
vn 0.0000 -1.0000 -0.0000
vn -0.0000 -1.0000 -0.0000
vn -0.9383 -0.3458 -0.0000
vn -1.0000 0.0000 0.0015
vn -1.0000 0.0000 -0.0000
vn 0.9383 -0.3458 -0.0000
vn 1.0000 0.0000 0.0015
vn -0.8886 0.3051 0.3424
vn 0.0000 -0.0008 1.0000
vn 0.0000 -0.0015 1.0000
vn -0.2198 -0.0015 0.9755
vn -0.4272 0.1930 0.8833
vn 0.0000 0.0000 1.0000
vn 0.0000 -0.0000 1.0000
vn -0.3052 -0.2671 0.9141
vn 0.0000 0.7464 0.6655
vn 0.0000 0.9346 0.3558
vn -0.0854 0.9302 0.3568
vn -0.8913 -0.0061 0.4533
vn -0.7079 -0.0000 0.7063
vn -0.7079 0.0000 0.7063
vn -0.3050 0.9472 0.0991
vn -0.5736 0.8192 0.0015
vn -0.3419 0.8730 0.3480
vn -0.8931 -0.4167 0.1697
vn 0.8886 0.3051 0.3424
vn 0.2198 -0.0015 0.9755
vn 0.4272 0.1930 0.8833
vn 0.3052 -0.2671 0.9141
vn 0.0854 0.9302 0.3568
vn 0.8913 -0.0061 0.4533
vn 0.7079 -0.0000 0.7063
vn 0.7079 0.0000 0.7063
vn 0.3050 0.9472 0.0991
vn 0.5736 0.8192 0.0015
vn 0.3419 0.8730 0.3480
vn 0.8931 -0.4167 0.1697
vn -0.0000 -1.0000 0.0000
vn -1.0000 0.0000 -0.0015
vn 0.0000 -1.0000 0.0000
vn 1.0000 0.0000 -0.0015
vn 0.9999 -0.0130 0.0000
vn 0.9831 0.1833 -0.0000
vn 0.9811 0.1934 -0.0000
vn 0.0000 0.0789 -0.9969
vn 0.0000 0.0678 -0.9977
vn 0.0000 0.0878 -0.9961
vn 0.0000 0.3413 -0.9400
vn 0.0000 0.2076 -0.9782
vn 0.0000 0.2795 -0.9601
vn 0.0000 0.2992 -0.9542
vn -0.0000 -0.9969 -0.0784
vn 0.0373 -0.9987 -0.0361
vn 0.0336 -0.9986 -0.0403
vn 0.0838 0.0000 -0.9965
vn 0.9618 -0.2739 -0.0000
vn 0.9904 0.0992 -0.0960
vn 0.9882 0.0000 -0.1533
vn 0.9044 0.4267 -0.0000
vn 0.9227 0.2557 -0.2887
vn 0.9192 0.0000 -0.3938
vn 0.2384 0.0000 -0.9712
vn 0.9433 -0.3319 -0.0000
vn 0.9521 -0.3058 -0.0000
vn 0.4630 0.0000 -0.8864
vn 0.4349 0.0000 -0.9005
vn 0.5855 -0.8107 -0.0000
vn 0.0690 -0.9976 -0.0000
vn 0.3861 -0.9225 -0.0000
vn 0.9249 0.3803 -0.0000
vn 0.9483 0.3173 -0.0000
vn 0.9798 0.1997 -0.0000
vn 0.9780 0.2086 -0.0000
vn 0.9427 0.3336 -0.0000
vn 0.6078 0.7941 -0.0000
vn 0.7071 0.7071 -0.0000
vn 0.5855 0.8107 -0.0000
vn 0.1537 0.9761 -0.1537
vn 0.1537 0.9761 0.1537
vn -0.1537 0.9761 0.1537
vn -0.1537 0.9761 -0.1537
vn 0.1866 -0.9646 -0.1866
vn 0.1866 -0.9646 0.1866
vn -0.1866 -0.9646 0.1866
vn -0.1866 -0.9646 -0.1866
vn 0.9519 0.3065 -0.0000
vn -0.9519 -0.3065 -0.0000
vn 0.9999 -0.0130 -0.0000
vn 0.9831 0.1833 0.0000
vn 0.0000 0.0678 0.9977
vn 0.0000 0.0789 0.9969
vn 0.0000 0.0878 0.9961
vn 0.0000 0.3413 0.9400
vn 0.0000 0.2992 0.9542
vn 0.0000 0.2795 0.9601
vn 0.0000 0.2076 0.9782
vn -0.0000 -0.9969 0.0784
vn 0.0336 -0.9986 0.0403
vn 0.0373 -0.9987 0.0361
vn 0.0838 0.0000 0.9965
vn 0.9882 0.0000 0.1533
vn 0.9904 0.0992 0.0960
vn 0.9192 0.0000 0.3938
vn 0.9227 0.2557 0.2887
vn 0.2384 0.0000 0.9712
vn 0.4630 0.0000 0.8864
vn 0.4349 0.0000 0.9005
vn 0.9780 0.2086 0.0000
vn 1.0000 -0.0000 0.0000
vn 1.0000 0.0000 0.0000
vn 1.0000 -0.0000 -0.0000
vn -0.0000 0.0000 1.0000
vn -0.0000 0.0000 -1.0000
vn -0.0000 1.0000 -0.0000
vn -0.9999 -0.0130 -0.0000
vn -0.9831 0.1833 0.0000
vn -0.9811 0.1934 0.0000
vn -0.0000 -0.0000 1.0000
vn -0.0000 0.0789 0.9969
vn -0.0000 0.0678 0.9977
vn -0.0000 0.0878 0.9961
vn -0.0000 0.3413 0.9400
vn -0.0000 0.2076 0.9782
vn -0.0000 0.2795 0.9601
vn -0.0000 0.2992 0.9542
vn 0.0000 -0.9969 0.0784
vn -0.0373 -0.9987 0.0361
vn -0.0336 -0.9986 0.0403
vn -0.0838 0.0000 0.9965
vn -0.9618 -0.2739 -0.0000
vn -0.9904 0.0992 0.0960
vn -0.9882 0.0000 0.1533
vn -0.9044 0.4267 -0.0000
vn -0.9227 0.2557 0.2887
vn -0.9192 0.0000 0.3938
vn -0.2384 0.0000 0.9712
vn -0.9433 -0.3319 -0.0000
vn -0.9521 -0.3058 -0.0000
vn -0.4630 0.0000 0.8864
vn -0.4349 0.0000 0.9005
vn -0.5855 -0.8107 -0.0000
vn -0.0690 -0.9976 -0.0000
vn -0.3861 -0.9225 -0.0000
vn -0.9249 0.3803 -0.0000
vn -0.9483 0.3173 -0.0000
vn -0.9798 0.1997 0.0000
vn -0.9780 0.2086 0.0000
vn -0.9427 0.3336 -0.0000
vn -0.6078 0.7941 -0.0000
vn -0.7071 0.7071 -0.0000
vn -0.5855 0.8107 -0.0000
vn -0.9519 0.3065 -0.0000
vn 0.9519 -0.3065 -0.0000
vn -0.9999 -0.0130 0.0000
vn -0.9831 0.1833 -0.0000
vn 0.0000 -0.9969 -0.0784
vn -0.0336 -0.9986 -0.0403
vn -0.0373 -0.9987 -0.0361
vn -0.0838 0.0000 -0.9965
vn -0.9882 0.0000 -0.1533
vn -0.9904 0.0992 -0.0960
vn -0.9192 0.0000 -0.3938
vn -0.9227 0.2557 -0.2887
vn -0.2384 0.0000 -0.9712
vn -0.4630 0.0000 -0.8864
vn -0.4349 0.0000 -0.9005
vn -0.9780 0.2086 -0.0000
vn -0.1866 -0.9645 0.1866
vn 0.1866 -0.9645 0.1866
vn 0.1866 -0.9645 -0.1866
vn -1.0000 0.0000 0.0000
vn -0.0000 -0.0000 -1.0000
vn -0.0000 0.0678 -0.9977
vn -0.0000 0.0789 -0.9969
vn -0.0000 0.0878 -0.9961
vn -0.9546 0.2979 -0.0000
# 217 vertex normals

vt 0.0281 0.5222 0.0000
vt 0.0439 0.5399 0.0000
vt 0.0271 0.5662 0.0000
vt 0.0058 0.5612 0.0000
vt 0.0308 0.5750 0.0000
vt 0.0394 0.6082 0.0000
vt 0.0359 0.6089 0.0000
vt 0.0268 0.5709 0.0000
vt 0.0041 0.5689 0.0000
vt 0.0128 0.6132 0.0000
vt 0.0478 0.5761 0.0000
vt 0.0611 0.6011 0.0000
vt 0.0428 0.6075 0.0000
vt 0.0333 0.5728 0.0000
vt 0.0527 0.5780 0.0000
vt 0.0650 0.5991 0.0000
vt 0.0306 0.5681 0.0000
vt 0.0345 0.5690 0.0000
vt 0.0481 0.5733 0.0000
vt 0.0527 0.5746 0.0000
vt 0.0642 0.5626 0.0000
vt 0.0780 0.5782 0.0000
vt 0.0829 0.5835 0.0000
vt 0.0609 0.5590 0.0000
vt 0.0465 0.5429 0.0000
vt 0.1318 0.6300 0.0000
vt 0.1376 0.6032 0.0000
vt 0.1625 0.6023 0.0000
vt 0.1577 0.6302 0.0000
vt 0.0560 0.6344 0.0000
vt 0.0533 0.6384 0.0000
vt 0.0281 0.6474 0.0000
vt 0.0872 0.6279 0.0000
vt 0.0622 0.6358 0.0000
vt 0.0868 0.6205 0.0000
vt 0.1257 0.6346 0.0000
vt 0.1259 0.6305 0.0000
vt 0.1313 0.6337 0.0000
vt 0.1575 0.6341 0.0000
vt 0.0938 0.6246 0.0000
vt 0.1199 0.6301 0.0000
vt 0.1197 0.6338 0.0000
vt 0.0880 0.5890 0.0000
vt 0.1054 0.6012 0.0000
vt 0.0912 0.6195 0.0000
vt 0.1105 0.6033 0.0000
vt 0.1329 0.6036 0.0000
vt 0.7088 0.5517 0.0000
vt 0.7119 0.5492 0.0000
vt 0.7090 0.5780 0.0000
vt 0.7063 0.5778 0.0000
vt 0.0492 0.5460 0.0000
vt 0.7785 0.5848 0.0000
vt 0.7757 0.5846 0.0000
vt 0.7786 0.5557 0.0000
vt 0.7811 0.5588 0.0000
vt 0.1283 0.6038 0.0000
vt 0.0718 0.5248 0.0000
vt 0.0703 0.5031 0.0000
vt 0.1146 0.5395 0.0000
vt 0.1127 0.5422 0.0000
vt 0.0802 0.5294 0.0000
vt 0.0768 0.5250 0.0000
vt 0.0788 0.5024 0.0000
vt 0.1273 0.5211 0.0000
vt 0.1107 0.5449 0.0000
vt 0.0996 0.5600 0.0000
vt 0.0781 0.5461 0.0000
vt 0.0774 0.5316 0.0000
vt 0.0969 0.5637 0.0000
vt 0.0792 0.5511 0.0000
vt 0.0732 0.5285 0.0000
vt 0.0754 0.5463 0.0000
vt 0.0734 0.5325 0.0000
vt 0.0761 0.5511 0.0000
vt 0.1397 0.5755 0.0000
vt 0.1604 0.5663 0.0000
vt 0.1328 0.5698 0.0000
vt 0.1378 0.5712 0.0000
vt 0.1582 0.5599 0.0000
vt 0.1171 0.5780 0.0000
vt 0.1316 0.5736 0.0000
vt 0.1121 0.5789 0.0000
vt 0.1359 0.5762 0.0000
vt 0.1319 0.5779 0.0000
vt 0.1173 0.5807 0.0000
vt 0.1129 0.5823 0.0000
vt 0.7037 0.6038 0.0000
vt 0.7062 0.6069 0.0000
vt 0.7760 0.6109 0.0000
vt 0.7729 0.6134 0.0000
vt 0.7396 0.6101 0.0000
vt 0.7424 0.5813 0.0000
vt 0.7452 0.5525 0.0000
vt 0.7202 0.4926 0.0000
vt 0.7306 0.4135 0.0000
vt 0.7687 0.4252 0.0000
vt 0.7507 0.5150 0.0000
vt 0.1175 0.4770 0.0000
vt 0.2135 0.4858 0.0000
vt 0.2123 0.5127 0.0000
vt 0.1151 0.5048 0.0000
vt 0.1244 0.4024 0.0000
vt 0.2206 0.4115 0.0000
vt 0.2351 0.4136 0.0000
vt 0.2293 0.4835 0.0000
vt 0.3487 0.4221 0.0000
vt 0.3471 0.4932 0.0000
vt 0.4098 0.5038 0.0000
vt 0.3979 0.5059 0.0000
vt 0.3999 0.4196 0.0000
vt 0.4100 0.4210 0.0000
vt 0.3686 0.4200 0.0000
vt 0.3703 0.5039 0.0000
vt 0.4199 0.5240 0.0000
vt 0.5431 0.5238 0.0000
vt 0.5436 0.5474 0.0000
vt 0.4190 0.5478 0.0000
vt 0.5592 0.4196 0.0000
vt 0.5609 0.5038 0.0000
vt 0.5565 0.5091 0.0000
vt 0.4110 0.5092 0.0000
vt 0.5495 0.5169 0.0000
vt 0.4143 0.5170 0.0000
vt 0.5686 0.5090 0.0000
vt 0.5724 0.5449 0.0000
vt 0.5637 0.5454 0.0000
vt 0.7211 0.4976 0.0000
vt 0.5472 0.5189 0.0000
vt 0.4160 0.5191 0.0000
vt 0.4127 0.5475 0.0000
vt 0.4109 0.5473 0.0000
vt 0.3397 0.5194 0.0000
vt 0.3561 0.5370 0.0000
vt 0.4051 0.5471 0.0000
vt 0.3913 0.5477 0.0000
vt 0.4035 0.5470 0.0000
vt 0.2280 0.5096 0.0000
vt 0.5495 0.5468 0.0000
vt 0.5517 0.5464 0.0000
vt 0.5597 0.5457 0.0000
vt 0.7351 0.5293 0.0000
vt 0.9431 0.0179 0.0000
vt 0.9431 0.0505 0.0000
vt 0.9264 0.0506 0.0000
vt 0.9221 0.0192 0.0000
vt 0.9078 0.0537 0.0000
vt 0.9012 0.0229 0.0000
vt 0.9849 0.0220 0.0000
vt 0.9788 0.0543 0.0000
vt 0.9600 0.0513 0.0000
vt 0.9639 0.0189 0.0000
vt 0.9434 0.0557 0.0000
vt 0.9286 0.0558 0.0000
vt 0.9144 0.0567 0.0000
vt 0.9722 0.0574 0.0000
vt 0.9580 0.0562 0.0000
vt 0.9413 0.2355 0.0000
vt 0.9272 0.2352 0.0000
vt 0.9134 0.2345 0.0000
vt 0.9555 0.2356 0.0000
vt 0.9417 0.2402 0.0000
vt 0.9265 0.2399 0.0000
vt 0.9087 0.2378 0.0000
vt 0.9694 0.2351 0.0000
vt 0.9739 0.2385 0.0000
vt 0.9566 0.2405 0.0000
vt 0.9416 0.2446 0.0000
vt 0.9261 0.2442 0.0000
vt 0.9080 0.2420 0.0000
vt 0.9747 0.2427 0.0000
vt 0.9570 0.2448 0.0000
vt 0.8454 0.8312 0.0000
vt 0.8452 0.9430 0.0000
vt 0.8329 0.9430 0.0000
vt 0.8331 0.8311 0.0000
vt 0.8704 0.8353 0.0000
vt 0.8702 0.9471 0.0000
vt 0.8578 0.9471 0.0000
vt 0.8580 0.8352 0.0000
vt 0.8715 0.7726 0.0000
vt 0.8507 0.7738 0.0000
vt 0.8506 0.7707 0.0000
vt 0.8713 0.7695 0.0000
vt 0.8501 0.7633 0.0000
vt 0.8709 0.7621 0.0000
vt 0.8719 0.7799 0.0000
vt 0.8512 0.7811 0.0000
vt 0.0684 0.0309 0.0000
vt 0.0679 0.1115 0.0000
vt 0.0545 0.1114 0.0000
vt 0.0551 0.0308 0.0000
vt 0.0352 0.1112 0.0000
vt 0.0358 0.0307 0.0000
vt 0.0219 0.1112 0.0000
vt 0.0225 0.0306 0.0000
vt 0.8540 0.9588 0.0000
vt 0.8414 0.9548 0.0000
vt 0.0327 0.1301 0.0000
vt 0.0308 0.2133 0.0000
vt 0.0220 0.2131 0.0000
vt 0.0239 0.1299 0.0000
vt 0.0672 0.1309 0.0000
vt 0.0652 0.2141 0.0000
vt 0.0524 0.2138 0.0000
vt 0.0543 0.1306 0.0000
vt 0.0436 0.2136 0.0000
vt 0.0455 0.1304 0.0000
vt 0.8164 0.5844 0.0000
vt 0.8145 0.6609 0.0000
vt 0.8058 0.6607 0.0000
vt 0.8076 0.5842 0.0000
vt 0.8508 0.5852 0.0000
vt 0.8490 0.6617 0.0000
vt 0.8362 0.6614 0.0000
vt 0.8380 0.5849 0.0000
vt 0.8274 0.6612 0.0000
vt 0.8292 0.5847 0.0000
vt 0.0000 0.0000 0.0000
vt 1.0000 0.0000 0.0000
vt 1.0000 1.0000 0.0000
vt 0.0000 1.0000 0.0000
# 222 texture coords

o Object006
g Object006
usemtl 04___Default
s off
f 1/1/1 2/2/2 3/3/3 4/4/1 
f 5/5/4 6/6/5 7/7/6 8/8/7 
f 9/9/8 8/8/7 7/7/6 10/10/9 
f 11/11/5 12/12/5 13/13/6 14/14/10 
f 15/15/11 16/16/12 12/12/13 11/11/13 
f 3/3/3 17/17/14 5/5/4 8/8/7 
f 8/8/7 9/9/15 4/4/15 3/3/3 
f 11/11/16 14/14/16 18/18/16 19/19/16 
f 15/15/11 20/20/17 21/21/18 22/22/19 
f 22/22/19 23/23/19 16/16/12 15/15/11 
f 20/20/17 19/19/20 24/24/21 21/21/18 
f 11/11/22 19/19/22 20/20/17 15/15/11 
f 14/14/10 13/13/6 6/6/5 5/5/4 
f 3/3/3 2/2/2 25/25/23 17/17/14 
f 17/17/14 18/18/24 14/14/10 5/5/4 
f 26/26/25 27/27/26 28/28/27 29/29/27 
f 7/7/6 6/6/5 30/30/28 31/31/29 
f 7/7/6 31/31/29 32/32/8 10/10/9 
f 13/13/6 12/12/5 33/33/5 34/34/30 
f 12/12/13 16/16/12 35/35/31 33/33/13 
f 30/36/28 36/37/32 26/26/25 31/38/29 
f 31/38/29 26/26/25 29/29/33 32/39/33 
f 33/33/34 37/40/34 38/41/34 34/42/34 
f 35/35/31 39/43/19 40/44/35 41/45/36 
f 16/16/12 23/23/19 39/43/19 35/35/31 
f 41/45/36 40/44/35 42/46/37 37/40/38 
f 41/45/36 37/40/39 33/33/39 35/35/31 
f 6/6/5 13/13/6 34/34/30 30/30/28 
f 43/47/40 27/27/26 26/26/25 36/37/32 
f 36/37/32 30/36/28 34/42/30 38/41/41 
f 4/48/42 9/49/42 44/50/43 1/51/42 
f 18/18/24 17/17/14 25/25/23 45/52/44 
f 19/19/45 18/18/24 45/52/44 24/24/46 
f 28/53/42 46/54/42 32/55/42 29/56/42 
f 36/37/32 38/41/41 47/57/47 43/47/40 
f 38/41/41 37/40/48 42/46/27 47/57/47 
f 48/58/49 2/2/2 1/1/1 49/59/1 
f 50/60/50 51/61/51 52/62/52 53/63/53 
f 50/60/50 53/63/53 54/64/54 55/65/55 
f 56/66/50 57/67/51 58/68/51 59/69/56 
f 57/67/57 60/70/58 61/71/59 58/68/57 
f 52/62/52 62/72/60 48/58/49 53/63/53 
f 53/63/53 48/58/49 49/59/61 54/64/61 
f 58/68/62 63/73/62 64/74/62 59/69/62 
f 61/71/59 22/22/19 21/21/18 65/75/63 
f 60/70/58 23/23/19 22/22/19 61/71/59 
f 65/75/63 21/21/18 24/24/21 63/73/64 
f 65/75/63 63/73/65 58/68/65 61/71/59 
f 51/61/51 56/66/50 59/69/56 52/62/52 
f 25/25/23 2/2/2 48/58/49 62/72/60 
f 62/72/60 52/62/52 59/69/56 64/74/66 
f 28/28/27 27/27/26 66/76/67 67/77/27 
f 68/78/68 51/61/51 50/60/50 69/79/69 
f 70/80/54 69/79/69 50/60/50 55/65/55 
f 71/81/51 57/67/51 56/66/50 72/82/70 
f 73/83/71 60/70/58 57/67/57 71/81/57 
f 66/76/67 74/84/72 68/78/68 69/79/69 
f 69/79/69 70/80/73 67/77/73 66/76/67 
f 71/81/74 72/82/74 75/85/74 76/86/74 
f 73/83/71 77/87/75 40/44/35 39/43/19 
f 39/43/19 23/23/19 60/70/58 73/83/71 
f 77/87/75 76/86/76 42/46/37 40/44/35 
f 71/81/77 76/86/77 77/87/75 73/83/71 
f 72/82/70 56/66/50 51/61/51 68/78/68 
f 66/76/67 27/27/26 43/47/40 74/84/72 
f 74/84/72 75/85/78 72/82/70 68/78/68 
f 49/88/42 1/51/42 44/50/79 54/89/42 
f 25/25/23 62/72/60 64/74/66 45/52/44 
f 45/52/44 64/74/66 63/73/80 24/24/46 
f 28/53/42 67/90/42 70/91/42 46/54/81 
f 47/57/47 75/85/78 74/84/72 43/47/40 
f 42/46/27 76/86/82 75/85/78 47/57/47 
f 70/91/42 55/92/42 78/93/42 46/54/81 
f 46/54/42 78/93/42 10/94/42 32/55/42 
f 9/49/42 10/94/42 78/93/42 44/50/43 
f 44/50/79 78/93/42 55/92/42 54/89/42 
s 1
f 79/95/19 80/96/19 81/97/19 82/98/19 
f 83/99/83 84/100/84 85/101/85 86/102/83 
s 2
f 87/103/8 88/104/86 84/100/87 83/99/8 
f 84/100/87 88/104/86 89/105/86 90/106/88 
f 90/106/88 89/105/86 91/107/8 92/108/8 
f 93/109/89 94/110/90 95/111/91 96/112/92 
s 4
f 91/107/93 97/113/93 98/114/94 92/108/95 
s 1
f 99/115/27 100/116/27 101/117/27 102/118/27 
s 2
f 96/112/92 103/119/8 104/120/96 93/109/89 
s 8
f 104/120/97 105/121/98 106/122/99 93/109/100 
f 105/121/98 107/123/101 108/124/102 106/122/99 
s 2
f 103/119/8 80/96/8 79/95/103 104/120/96 
s 8
f 104/120/97 109/125/104 110/126/105 111/127/105 
s 2
f 79/95/103 112/128/106 109/125/106 104/120/96 
s 8
f 107/123/101 113/129/27 114/130/27 108/124/102 
f 108/124/102 114/130/27 115/131/27 116/132/27 
s 2
f 113/129/107 100/116/107 99/115/107 114/130/107 
s 4
f 114/130/108 99/115/108 102/118/108 115/131/108 
s 2
f 97/113/8 95/111/91 94/110/90 98/114/8 
s 4
f 117/133/109 92/108/95 98/114/94 118/134/109 
s 1
f 119/135/110 106/122/110 108/124/110 116/132/110 
s 8
f 120/136/111 94/110/112 93/109/100 121/137/111 
s 1
f 122/138/113 90/106/114 92/108/27 117/133/27 
s 8
f 118/134/27 98/114/27 94/110/112 120/136/111 
f 121/137/111 93/109/100 106/122/99 119/135/27 
f 123/139/27 113/129/27 107/123/101 124/140/115 
s 1
f 85/101/85 84/100/84 90/106/114 122/138/113 
s 8
f 125/141/115 105/121/98 104/120/97 111/127/105 
f 124/140/115 107/123/101 105/121/98 125/141/115 
f 110/126/105 109/125/104 112/128/116 126/142/117 
f 126/142/117 112/128/116 79/95/19 82/98/19 
s 4
f 101/117/118 100/116/118 113/129/118 123/139/118 
s 1
f 127/143/27 128/144/27 129/145/27 130/146/27 
s 2
f 130/146/54 129/145/54 131/147/54 132/148/54 
s 1
f 132/149/46 131/150/46 133/151/46 134/152/46 
s 2
f 134/152/8 133/151/8 128/144/8 127/143/8 
s 4
f 128/144/119 135/153/119 136/154/120 129/145/120 
f 129/145/120 136/154/120 137/155/121 131/147/121 
f 131/150/121 137/156/121 138/157/122 133/151/122 
f 133/151/122 138/157/122 135/153/119 128/144/119 
s 1
f 136/154/27 135/153/27 139/158/27 140/159/27 
s 2
f 137/155/54 136/154/54 140/159/54 141/160/54 
f 135/153/8 138/157/8 142/161/8 139/158/8 
s 4
f 139/158/123 143/162/123 144/163/124 140/159/124 
f 140/159/124 144/163/124 145/164/125 141/160/125 
f 141/165/125 145/166/125 146/167/126 142/161/126 
f 142/161/126 146/167/126 143/162/123 139/158/123 
s 1
f 143/162/27 147/168/27 148/169/27 144/163/27 
s 2
f 144/163/54 148/169/54 149/170/54 145/164/54 
s 1
f 145/166/46 149/171/46 150/172/46 146/167/46 
s 2
f 146/167/8 150/172/8 147/168/8 143/162/8 
s 1
f 141/165/46 142/161/46 138/157/46 137/156/46 
f 151/173/127 152/174/127 153/175/127 154/176/127 
f 155/177/128 156/178/128 157/179/128 158/180/128 
s 2
f 158/180/8 157/179/8 152/174/8 151/173/8 
s 1
f 159/181/27 160/182/27 161/183/27 162/184/27 
s 2
f 162/184/54 161/183/54 163/185/54 164/186/54 
f 165/187/8 166/188/8 160/182/8 159/181/8 
s 1
f 167/189/42 168/190/42 169/191/42 170/192/42 
s 2
f 170/192/8 169/191/8 171/193/8 172/194/8 
s 1
f 172/194/19 171/193/19 173/195/19 174/196/19 
s 4
f 157/179/19 156/197/19 153/198/19 152/174/19 
s 1
f 175/199/54 176/200/54 177/201/54 178/202/54 
s 2
f 178/203/42 177/204/42 179/205/42 180/206/42 
s 1
f 180/206/8 179/205/8 181/207/8 182/208/8 
s 2
f 182/208/19 181/207/19 176/200/19 175/199/19 
s 1
f 183/199/54 184/200/54 185/201/54 186/202/54 
s 2
f 186/203/42 185/204/42 187/205/42 188/206/42 
s 1
f 188/206/8 187/205/8 189/207/8 190/208/8 
s 2
f 190/208/19 189/207/19 184/200/19 183/199/19 
s 1
f 191/181/27 192/182/27 193/183/27 194/184/27 
s 2
f 194/184/54 193/183/54 195/185/54 196/186/54 
f 197/187/8 198/188/8 192/182/8 191/181/8 
s 1
f 199/209/54 200/210/54 201/211/54 202/212/54 
s 2
f 202/213/42 201/214/42 203/215/42 204/216/42 
s 1
f 204/216/8 203/215/8 205/217/8 206/218/8 
s 2
f 206/218/19 205/217/19 200/210/19 199/209/19 
s 1
f 207/95/19 82/98/19 81/97/19 208/96/19 
f 209/99/129 86/102/83 85/101/85 210/100/130 
s 2
f 211/103/54 209/99/54 210/100/131 212/104/132 
f 210/100/131 213/106/133 214/105/132 212/104/132 
f 213/106/133 215/108/54 216/107/54 214/105/132 
f 217/109/134 218/112/135 219/111/136 220/110/137 
s 4
f 216/107/138 215/108/139 221/114/140 222/113/138 
s 1
f 223/115/27 102/118/27 101/117/27 224/116/27 
s 2
f 218/112/135 217/109/134 225/120/141 226/119/54 
s 8
f 225/120/97 217/109/100 227/122/142 228/121/143 
f 228/121/143 227/122/142 229/124/144 230/123/145 
s 2
f 226/119/54 225/120/141 207/95/146 208/96/54 
s 8
f 225/120/97 111/127/105 110/126/105 231/125/104 
s 2
f 207/95/146 225/120/141 231/125/147 232/128/147 
s 8
f 230/123/145 229/124/144 233/130/27 234/129/27 
f 229/124/144 116/132/27 115/131/27 233/130/27 
s 2
f 234/129/148 233/130/148 223/115/148 224/116/148 
s 4
f 233/130/108 115/131/108 102/118/108 223/115/108 
s 2
f 222/113/54 221/114/54 220/110/137 219/111/136 
s 4
f 117/133/109 118/134/109 221/114/140 215/108/139 
s 1
f 119/135/110 116/132/110 229/124/110 227/122/110 
s 8
f 120/136/111 121/137/111 217/109/100 220/110/112 
s 1
f 122/138/113 117/133/27 215/108/27 213/106/149 
s 8
f 118/134/27 120/136/111 220/110/112 221/114/27 
f 121/137/111 119/135/27 227/122/142 217/109/100 
f 123/139/27 124/140/115 230/123/145 234/129/27 
s 1
f 85/101/85 122/138/113 213/106/149 210/100/130 
s 8
f 125/141/115 111/127/105 225/120/97 228/121/143 
f 124/140/115 125/141/115 228/121/143 230/123/145 
f 110/126/105 126/142/117 232/128/116 231/125/104 
f 126/142/117 82/98/19 207/95/19 232/128/116 
s 4
f 101/117/118 123/139/118 234/129/118 224/116/118 
s 1
f 235/143/27 236/146/27 237/145/27 238/144/27 
s 2
f 236/146/8 239/148/8 240/147/8 237/145/8 
s 1
f 239/149/46 241/152/46 242/151/46 240/150/46 
s 2
f 241/152/54 235/143/54 238/144/54 242/151/54 
s 4
f 238/144/120 237/145/119 243/154/119 244/153/120 
f 237/145/119 240/147/122 245/155/122 243/154/119 
f 240/150/122 242/151/121 246/157/121 245/156/122 
f 242/151/121 238/144/120 244/153/120 246/157/121 
s 1
f 243/154/27 247/159/27 248/158/27 244/153/27 
s 2
f 245/155/8 249/160/8 247/159/8 243/154/8 
f 244/153/54 248/158/54 250/161/54 246/157/54 
s 4
f 248/158/124 247/159/123 251/163/123 252/162/124 
f 247/159/123 249/160/126 253/164/126 251/163/123 
f 249/165/126 250/161/125 254/167/125 253/166/126 
f 250/161/125 248/158/124 252/162/124 254/167/125 
s 1
f 252/162/27 251/163/27 255/169/27 256/168/27 
s 2
f 251/163/8 253/164/8 257/170/8 255/169/8 
s 1
f 253/166/46 254/167/46 258/172/46 257/171/46 
s 2
f 254/167/54 252/162/54 256/168/54 258/172/54 
s 1
f 249/165/46 245/156/46 246/157/46 250/161/46 
f 259/173/127 260/176/127 261/175/127 262/174/127 
f 263/177/128 264/180/128 265/179/128 266/178/128 
s 2
f 264/180/54 259/173/54 262/174/54 265/179/54 
s 1
f 267/181/27 268/184/27 269/183/27 270/182/27 
s 2
f 268/184/8 271/186/8 272/185/8 269/183/8 
f 273/187/54 267/181/54 270/182/54 274/188/54 
s 1
f 275/189/42 276/192/42 277/191/42 278/190/42 
s 2
f 276/192/54 279/194/54 280/193/54 277/191/54 
s 1
f 279/194/19 281/196/19 282/195/19 280/193/19 
s 4
f 265/179/19 262/174/19 261/198/19 266/197/19 
s 1
f 283/199/8 284/202/8 285/201/8 286/200/8 
s 2
f 284/203/42 287/206/42 288/205/42 285/204/42 
s 1
f 287/206/54 289/208/54 290/207/54 288/205/54 
s 2
f 289/208/19 283/199/19 286/200/19 290/207/19 
s 1
f 291/199/8 292/202/8 293/201/8 294/200/8 
s 2
f 292/203/42 295/206/42 296/205/42 293/204/42 
s 1
f 295/206/54 297/208/54 298/207/54 296/205/54 
s 2
f 297/208/19 291/199/19 294/200/19 298/207/19 
s 1
f 299/181/27 300/184/27 301/183/27 302/182/27 
s 2
f 300/184/8 303/186/8 304/185/8 301/183/8 
f 305/187/54 299/181/54 302/182/54 306/188/54 
s 1
f 307/209/8 308/212/8 309/211/8 310/210/8 
s 2
f 308/213/42 311/216/42 312/215/42 309/214/42 
s 1
f 311/216/54 313/218/54 314/217/54 312/215/54 
s 2
f 313/218/19 307/209/19 310/210/19 314/217/19 
s 1
f 315/95/19 316/96/19 317/97/19 318/98/19 
f 319/99/129 320/100/84 321/101/85 322/102/129 
s 2
f 323/103/8 324/104/86 320/100/87 319/99/8 
f 320/100/87 324/104/86 325/105/86 326/106/88 
f 326/106/88 325/105/86 327/107/8 328/108/8 
f 329/109/89 330/110/90 331/111/91 332/112/92 
s 4
f 327/107/93 333/113/93 334/114/94 328/108/95 
s 1
f 335/115/27 336/116/27 337/117/27 338/118/27 
s 2
f 332/112/92 339/119/8 340/120/96 329/109/89 
s 8
f 340/120/97 341/121/98 342/122/99 329/109/100 
f 341/121/98 343/123/101 344/124/102 342/122/99 
s 2
f 339/119/8 316/96/8 315/95/103 340/120/96 
s 8
f 340/120/97 345/125/104 346/126/105 347/127/105 
s 2
f 315/95/103 348/128/106 345/125/106 340/120/96 
s 8
f 343/123/101 349/129/150 350/130/151 344/124/102 
f 344/124/102 350/130/151 351/131/27 352/132/27 
s 2
f 349/129/107 336/116/107 335/115/107 350/130/107 
s 4
f 350/130/108 335/115/108 338/118/108 351/131/108 
s 2
f 333/113/8 331/111/91 330/110/90 334/114/8 
s 4
f 353/133/109 328/108/95 334/114/94 354/134/109 
s 1
f 355/135/110 342/122/110 344/124/110 352/132/110 
s 8
f 356/136/111 330/110/112 329/109/100 357/137/111 
s 1
f 358/138/113 326/106/114 328/108/27 353/133/27 
s 8
f 354/134/27 334/114/27 330/110/112 356/136/111 
f 357/137/111 329/109/100 342/122/99 355/135/27 
f 359/139/152 349/129/150 343/123/101 360/140/115 
s 1
f 321/101/85 320/100/84 326/106/114 358/138/113 
s 8
f 361/141/115 341/121/98 340/120/97 347/127/105 
f 360/140/115 343/123/101 341/121/98 361/141/115 
f 346/126/105 345/125/104 348/128/116 362/142/117 
f 362/142/117 348/128/116 315/95/19 318/98/19 
s 4
f 337/117/118 336/116/118 349/129/118 359/139/118 
s 1
f 363/143/27 364/144/27 365/145/27 366/146/27 
s 2
f 366/146/54 365/145/54 367/147/54 368/148/54 
s 1
f 368/149/46 367/150/46 369/151/46 370/152/46 
s 2
f 370/152/8 369/151/8 364/144/8 363/143/8 
s 4
f 364/144/119 371/153/119 372/154/120 365/145/120 
f 365/145/120 372/154/120 373/155/121 367/147/121 
f 367/150/121 373/156/121 374/157/122 369/151/122 
f 369/151/122 374/157/122 371/153/119 364/144/119 
s 1
f 372/154/27 371/153/27 375/158/27 376/159/27 
s 2
f 373/155/54 372/154/54 376/159/54 377/160/54 
f 371/153/8 374/157/8 378/161/8 375/158/8 
s 4
f 375/158/123 379/162/123 380/163/124 376/159/124 
f 376/159/124 380/163/124 381/164/125 377/160/125 
f 377/165/125 381/166/125 382/167/126 378/161/126 
f 378/161/126 382/167/126 379/162/123 375/158/123 
s 1
f 379/162/27 383/168/27 384/169/27 380/163/27 
s 2
f 380/163/54 384/169/54 385/170/54 381/164/54 
s 1
f 381/166/46 385/171/46 386/172/46 382/167/46 
s 2
f 382/167/8 386/172/8 383/168/8 379/162/8 
s 1
f 377/165/46 378/161/46 374/157/46 373/156/46 
f 387/173/127 388/174/127 389/175/127 390/176/127 
f 391/177/128 392/178/128 393/179/128 394/180/128 
s 2
f 394/180/8 393/179/8 388/174/8 387/173/8 
s 1
f 395/181/27 396/182/27 397/183/27 398/184/27 
s 2
f 398/184/54 397/183/54 399/185/54 400/186/54 
f 401/187/8 402/188/8 396/182/8 395/181/8 
s 1
f 403/189/42 404/190/42 405/191/42 406/192/42 
s 2
f 406/192/8 405/191/8 407/193/8 408/194/8 
s 1
f 408/194/19 407/193/19 409/195/19 410/196/19 
s 4
f 393/179/19 392/197/19 389/198/19 388/174/19 
s 1
f 411/199/153 412/200/153 413/201/153 414/202/153 
s 2
f 414/203/42 413/204/42 415/205/42 416/206/42 
s 1
f 416/206/8 415/205/8 417/207/8 418/208/8 
s 2
f 418/208/19 417/207/19 412/200/19 411/199/19 
s 1
f 419/199/153 420/200/153 421/201/153 422/202/153 
s 2
f 422/203/42 421/204/42 423/205/42 424/206/42 
s 1
f 424/206/8 423/205/8 425/207/8 426/208/8 
s 2
f 426/208/19 425/207/19 420/200/19 419/199/19 
s 1
f 427/181/27 428/182/27 429/183/27 430/184/27 
s 2
f 430/184/54 429/183/54 431/185/54 432/186/54 
f 433/187/8 434/188/8 428/182/8 427/181/8 
s 1
f 435/209/153 436/210/153 437/211/153 438/212/153 
s 2
f 438/213/42 437/214/42 439/215/42 440/216/42 
s 1
f 440/216/8 439/215/8 441/217/8 442/218/8 
s 2
f 442/218/19 441/217/19 436/210/19 435/209/19 
s 1
f 443/95/19 318/98/19 317/97/19 444/96/19 
f 445/99/129 322/102/129 321/101/85 446/100/130 
s 2
f 447/103/54 445/99/54 446/100/131 448/104/132 
f 446/100/131 449/106/133 450/105/132 448/104/132 
f 449/106/133 451/108/54 452/107/54 450/105/132 
f 453/109/134 454/112/135 455/111/136 456/110/137 
s 4
f 452/107/138 451/108/139 457/114/140 458/113/138 
s 1
f 459/115/27 338/118/27 337/117/27 460/116/27 
s 2
f 454/112/135 453/109/134 461/120/141 462/119/54 
s 8
f 461/120/97 453/109/100 463/122/142 464/121/143 
f 464/121/143 463/122/142 465/124/144 466/123/145 
s 2
f 462/119/54 461/120/141 443/95/146 444/96/54 
s 8
f 461/120/97 347/127/105 346/126/105 467/125/104 
s 2
f 443/95/146 461/120/141 467/125/147 468/128/147 
s 8
f 466/123/145 465/124/144 469/130/27 470/129/27 
f 465/124/144 352/132/27 351/131/27 469/130/27 
s 2
f 470/129/148 469/130/148 459/115/148 460/116/148 
s 4
f 469/130/108 351/131/108 338/118/108 459/115/108 
s 2
f 458/113/54 457/114/54 456/110/137 455/111/136 
s 4
f 353/133/109 354/134/109 457/114/140 451/108/139 
s 1
f 355/135/110 352/132/110 465/124/110 463/122/110 
s 8
f 356/136/111 357/137/111 453/109/100 456/110/112 
s 1
f 358/138/113 353/133/27 451/108/27 449/106/149 
s 8
f 354/134/27 356/136/111 456/110/112 457/114/27 
f 357/137/111 355/135/27 463/122/142 453/109/100 
f 359/139/152 360/140/115 466/123/145 470/129/27 
s 1
f 321/101/85 358/138/113 449/106/149 446/100/130 
s 8
f 361/141/115 347/127/105 461/120/97 464/121/143 
f 360/140/115 361/141/115 464/121/143 466/123/145 
f 346/126/105 362/142/117 468/128/116 467/125/104 
f 362/142/117 318/98/19 443/95/19 468/128/116 
s 4
f 337/117/118 359/139/118 470/129/118 460/116/118 
s 1
f 471/143/27 472/146/27 473/145/27 474/144/27 
s 2
f 472/146/8 475/148/8 476/147/8 473/145/8 
s 1
f 475/149/46 477/152/46 478/151/46 476/150/46 
s 2
f 477/152/54 471/143/54 474/144/54 478/151/54 
s 4
f 474/144/120 473/145/119 479/154/119 480/153/120 
f 473/145/119 476/147/122 481/155/122 479/154/119 
f 476/150/122 478/151/121 482/157/121 481/156/122 
f 478/151/121 474/144/120 480/153/120 482/157/121 
s 1
f 479/154/27 483/159/27 484/158/27 480/153/27 
s 2
f 481/155/8 485/160/8 483/159/8 479/154/8 
f 480/153/54 484/158/54 486/161/54 482/157/54 
s 4
f 484/158/124 483/159/123 487/163/123 488/162/124 
f 483/159/123 485/160/126 489/164/126 487/163/123 
f 485/165/126 486/161/125 490/167/125 489/166/126 
f 486/161/125 484/158/124 488/162/124 490/167/125 
s 1
f 488/162/27 487/163/27 491/169/27 492/168/27 
s 2
f 487/163/8 489/164/8 493/170/8 491/169/8 
s 1
f 489/166/46 490/167/46 494/172/46 493/171/46 
s 2
f 490/167/54 488/162/54 492/168/54 494/172/54 
s 1
f 485/165/46 481/156/46 482/157/46 486/161/46 
f 495/173/127 496/176/127 497/175/127 498/174/127 
f 499/177/128 500/180/128 501/179/128 502/178/128 
s 2
f 500/180/54 495/173/54 498/174/54 501/179/54 
s 1
f 503/181/27 504/184/27 505/183/27 506/182/27 
s 2
f 504/184/8 507/186/8 508/185/8 505/183/8 
f 509/187/54 503/181/54 506/182/54 510/188/54 
s 1
f 511/189/42 512/192/42 513/191/42 514/190/42 
s 2
f 512/192/54 515/194/54 516/193/54 513/191/54 
s 1
f 515/194/19 517/196/19 518/195/19 516/193/19 
s 4
f 501/179/19 498/174/19 497/198/19 502/197/19 
s 1
f 519/199/154 520/202/154 521/201/154 522/200/154 
s 2
f 520/203/42 523/206/42 524/205/42 521/204/42 
s 1
f 523/206/54 525/208/54 526/207/54 524/205/54 
s 2
f 525/208/19 519/199/19 522/200/19 526/207/19 
s 1
f 527/199/154 528/202/154 529/201/154 530/200/154 
s 2
f 528/203/42 531/206/42 532/205/42 529/204/42 
s 1
f 531/206/54 533/208/54 534/207/54 532/205/54 
s 2
f 533/208/19 527/199/19 530/200/19 534/207/19 
s 1
f 535/181/27 536/184/27 537/183/27 538/182/27 
s 2
f 536/184/8 539/186/8 540/185/8 537/183/8 
f 541/187/54 535/181/54 538/182/54 542/188/54 
s 1
f 543/209/154 544/212/154 545/211/154 546/210/154 
s 2
f 544/213/42 547/216/42 548/215/42 545/214/42 
s 1
f 547/216/54 549/218/54 550/217/54 548/215/54 
s 2
f 549/218/19 543/209/19 546/210/19 550/217/19 
s 1
f 551/95/155 552/96/155 553/97/155 554/98/155 
f 555/99/156 556/100/157 557/101/158 558/102/156 
s 2
f 559/103/159 560/104/160 556/100/161 555/99/159 
f 556/100/161 560/104/160 561/105/160 562/106/162 
f 562/106/162 561/105/160 563/107/153 564/108/153 
f 565/109/163 566/110/164 567/111/165 568/112/166 
s 4
f 563/107/167 569/113/167 570/114/168 564/108/169 
s 1
f 571/115/46 572/116/46 573/117/46 574/118/46 
s 2
f 568/112/166 575/119/153 576/120/170 565/109/163 
s 8
f 576/120/171 577/121/172 578/122/173 565/109/174 
f 577/121/172 579/123/175 580/124/176 578/122/173 
s 2
f 575/119/153 552/96/153 551/95/177 576/120/170 
s 8
f 576/120/171 581/125/178 582/126/179 583/127/179 
s 2
f 551/95/177 584/128/180 581/125/180 576/120/170 
s 8
f 579/123/175 585/129/46 586/130/46 580/124/176 
f 580/124/176 586/130/46 587/131/46 588/132/46 
s 2
f 585/129/181 572/116/181 571/115/181 586/130/181 
s 4
f 586/130/182 571/115/182 574/118/182 587/131/182 
s 2
f 569/113/54 567/111/165 566/110/164 570/114/54 
s 4
f 589/133/183 564/108/169 570/114/168 590/134/183 
s 1
f 591/135/184 578/122/184 580/124/184 588/132/184 
s 8
f 592/136/185 566/110/186 565/109/174 593/137/185 
s 1
f 594/138/187 562/106/188 564/108/46 589/133/46 
s 8
f 590/134/46 570/114/46 566/110/186 592/136/185 
f 593/137/185 565/109/174 578/122/173 591/135/46 
f 595/139/46 585/129/46 579/123/175 596/140/189 
s 1
f 557/101/158 556/100/157 562/106/188 594/138/187 
s 8
f 597/141/189 577/121/172 576/120/171 583/127/179 
f 596/140/189 579/123/175 577/121/172 597/141/189 
f 582/126/179 581/125/178 584/128/190 598/142/191 
f 598/142/191 584/128/190 551/95/19 554/98/19 
s 4
f 573/117/192 572/116/192 585/129/192 595/139/192 
s 1
f 599/143/46 600/144/46 601/145/46 602/146/46 
s 2
f 602/146/8 601/145/8 603/147/8 604/148/8 
s 1
f 604/149/151 603/150/151 605/151/151 606/152/151 
s 2
f 606/152/54 605/151/54 600/144/54 599/143/54 
s 4
f 600/144/121 607/153/121 608/154/122 601/145/122 
f 601/145/122 608/154/122 609/155/119 603/147/119 
f 603/150/119 609/156/119 610/157/120 605/151/120 
f 605/151/120 610/157/120 607/153/121 600/144/121 
s 1
f 608/154/46 607/153/46 611/158/46 612/159/46 
s 2
f 609/155/8 608/154/8 612/159/8 613/160/8 
f 607/153/54 610/157/54 614/161/54 611/158/54 
s 4
f 611/158/125 615/162/125 616/163/126 612/159/126 
f 612/159/126 616/163/126 617/164/123 613/160/123 
f 613/165/123 617/166/123 618/167/124 614/161/124 
f 614/161/124 618/167/124 615/162/125 611/158/125 
s 1
f 615/162/46 619/168/46 620/169/46 616/163/46 
s 2
f 616/163/8 620/169/8 621/170/8 617/164/8 
s 1
f 617/166/27 621/171/27 622/172/27 618/167/27 
s 2
f 618/167/54 622/172/54 619/168/54 615/162/54 
s 1
f 613/165/151 614/161/151 610/157/151 609/156/151 
f 623/173/193 624/174/193 625/175/193 626/176/193 
f 627/177/194 628/178/194 629/179/194 630/180/194 
s 2
f 630/180/54 629/179/54 624/174/54 623/173/54 
s 1
f 631/181/46 632/182/46 633/183/46 634/184/46 
s 2
f 634/184/8 633/183/8 635/185/8 636/186/8 
f 637/187/54 638/188/54 632/182/54 631/181/54 
s 1
f 639/189/42 640/190/42 641/191/42 642/192/42 
s 2
f 642/192/54 641/191/54 643/193/54 644/194/54 
s 1
f 644/194/19 643/193/19 645/195/19 646/196/19 
s 4
f 629/179/19 628/197/19 625/198/19 624/174/19 
s 1
f 647/199/8 648/200/8 649/201/8 650/202/8 
s 2
f 650/203/42 649/204/42 651/205/42 652/206/42 
s 1
f 652/206/54 651/205/54 653/207/54 654/208/54 
s 2
f 654/208/19 653/207/19 648/200/19 647/199/19 
s 1
f 655/199/8 656/200/8 657/201/8 658/202/8 
s 2
f 658/203/42 657/204/42 659/205/42 660/206/42 
s 1
f 660/206/54 659/205/54 661/207/54 662/208/54 
s 2
f 662/208/19 661/207/19 656/200/19 655/199/19 
s 1
f 663/181/46 664/182/46 665/183/46 666/184/46 
s 2
f 666/184/8 665/183/8 667/185/8 668/186/8 
f 669/187/54 670/188/54 664/182/54 663/181/54 
s 1
f 671/209/8 672/210/8 673/211/8 674/212/8 
s 2
f 674/213/42 673/214/42 675/215/42 676/216/42 
s 1
f 676/216/54 675/215/54 677/217/54 678/218/54 
s 2
f 678/218/19 677/217/19 672/210/19 671/209/19 
s 1
f 679/95/155 554/98/155 553/97/155 680/96/155 
f 681/99/195 558/102/156 557/101/158 682/100/196 
s 2
f 683/103/8 681/99/8 682/100/87 684/104/86 
f 682/100/87 685/106/88 686/105/86 684/104/86 
f 685/106/88 687/108/8 688/107/8 686/105/86 
f 689/109/89 690/112/92 691/111/91 692/110/90 
s 4
f 688/107/197 687/108/198 693/114/199 694/113/197 
s 1
f 695/115/46 574/118/46 573/117/46 696/116/46 
s 2
f 690/112/92 689/109/89 697/120/200 698/119/8 
s 8
f 697/120/171 689/109/174 699/122/201 700/121/202 
f 700/121/202 699/122/201 701/124/203 702/123/204 
s 2
f 698/119/8 697/120/200 679/95/205 680/96/8 
s 8
f 697/120/171 583/127/179 582/126/179 703/125/178 
s 2
f 679/95/205 697/120/200 703/125/206 704/128/206 
s 8
f 702/123/204 701/124/203 705/130/46 706/129/46 
f 701/124/203 588/132/46 587/131/46 705/130/46 
s 2
f 706/129/207 705/130/207 695/115/207 696/116/207 
s 4
f 705/130/182 587/131/182 574/118/182 695/115/182 
s 2
f 694/113/8 693/114/8 692/110/90 691/111/91 
s 4
f 589/133/183 590/134/183 693/114/199 687/108/198 
s 1
f 591/135/184 588/132/184 701/124/184 699/122/184 
s 8
f 592/136/185 593/137/185 689/109/174 692/110/186 
s 1
f 594/138/187 589/133/46 687/108/46 685/106/208 
s 8
f 590/134/46 592/136/185 692/110/186 693/114/46 
f 593/137/185 591/135/46 699/122/201 689/109/174 
f 595/139/46 596/140/189 702/123/204 706/129/46 
s 1
f 557/101/158 594/138/187 685/106/208 682/100/196 
s 8
f 597/141/189 583/127/179 697/120/171 700/121/202 
f 596/140/189 597/141/189 700/121/202 702/123/204 
f 582/126/179 598/142/191 704/128/190 703/125/178 
f 598/142/191 554/98/19 679/95/19 704/128/190 
s 4
f 573/117/192 595/139/192 706/129/192 696/116/192 
s 1
f 707/143/46 708/146/46 709/145/46 710/144/46 
s 2
f 708/146/54 711/148/54 712/147/54 709/145/54 
s 1
f 711/149/27 713/152/27 714/151/27 712/150/27 
s 2
f 713/152/8 707/143/8 710/144/8 714/151/8 
s 4
f 710/144/122 709/145/121 715/154/121 716/153/122 
f 709/145/121 712/147/120 717/155/120 715/154/121 
f 712/150/120 714/151/119 718/157/119 717/156/120 
f 714/151/119 710/144/122 716/153/122 718/157/119 
s 1
f 715/154/46 719/159/46 720/158/46 716/153/46 
s 2
f 717/155/54 721/160/54 719/159/54 715/154/54 
f 716/153/8 720/158/8 722/161/8 718/157/8 
s 4
f 720/158/126 719/159/209 723/163/209 724/162/126 
f 719/159/209 721/160/210 725/164/210 723/163/209 
f 721/165/210 722/161/211 726/167/211 725/166/210 
f 722/161/211 720/158/126 724/162/126 726/167/211 
s 1
f 724/162/212 723/163/212 727/169/212 728/168/212 
s 2
f 723/163/54 725/164/54 729/170/54 727/169/54 
s 1
f 725/166/27 726/167/27 730/172/27 729/171/27 
s 2
f 726/167/8 724/162/8 728/168/8 730/172/8 
s 1
f 721/165/27 717/156/27 718/157/27 722/161/27 
f 731/173/193 732/176/193 733/175/193 734/174/193 
f 735/177/194 736/180/194 737/179/194 738/178/194 
s 2
f 736/180/9 731/173/9 734/174/9 737/179/9 
s 1
f 739/181/46 740/184/46 741/183/46 742/182/46 
s 2
f 740/184/54 743/186/54 744/185/54 741/183/54 
f 745/187/8 739/181/8 742/182/8 746/188/8 
s 1
f 747/189/42 748/192/42 749/191/42 750/190/42 
s 2
f 748/192/8 751/194/8 752/193/8 749/191/8 
s 1
f 751/194/19 753/196/19 754/195/19 752/193/19 
s 4
f 737/179/19 734/174/19 733/198/19 738/197/19 
s 1
f 755/199/54 756/202/54 757/201/54 758/200/54 
s 2
f 756/203/42 759/206/42 760/205/42 757/204/42 
s 1
f 759/206/8 761/208/8 762/207/8 760/205/8 
s 2
f 761/208/19 755/199/19 758/200/19 762/207/19 
s 1
f 763/199/54 764/202/54 765/201/54 766/200/54 
s 2
f 764/203/42 767/206/42 768/205/42 765/204/42 
s 1
f 767/206/8 769/208/8 770/207/8 768/205/8 
s 2
f 769/208/19 763/199/19 766/200/19 770/207/19 
s 1
f 771/181/46 772/184/46 773/183/46 774/182/46 
s 2
f 772/184/54 775/186/54 776/185/54 773/183/54 
f 777/187/8 771/181/8 774/182/8 778/188/8 
s 1
f 779/209/54 780/212/54 781/211/54 782/210/54 
s 2
f 780/213/42 783/216/42 784/215/42 781/214/42 
s 1
f 783/216/8 785/218/8 786/217/8 784/215/8 
s 2
f 785/218/19 779/209/19 782/210/19 786/217/19 
s 1
f 787/95/155 788/96/155 789/97/155 790/98/155 
f 791/99/156 792/100/157 793/101/158 794/102/195 
s 2
f 795/103/54 796/104/160 792/100/161 791/99/54 
f 792/100/161 796/104/160 797/105/160 798/106/162 
f 798/106/162 797/105/160 799/107/54 800/108/54 
f 801/109/163 802/110/164 803/111/165 804/112/166 
s 4
f 799/107/167 805/113/167 806/114/168 800/108/169 
s 1
f 807/115/46 808/116/46 809/117/46 810/118/46 
s 2
f 804/112/166 811/119/153 812/120/170 801/109/163 
s 8
f 812/120/171 813/121/172 814/122/173 801/109/174 
f 813/121/172 815/123/175 816/124/176 814/122/173 
s 2
f 811/119/153 788/96/153 787/95/177 812/120/170 
s 8
f 812/120/171 817/125/178 818/126/179 819/127/179 
s 2
f 787/95/177 820/128/180 817/125/180 812/120/170 
s 8
f 815/123/175 821/129/46 822/130/46 816/124/176 
f 816/124/176 822/130/46 823/131/46 824/132/46 
s 2
f 821/129/181 808/116/181 807/115/181 822/130/181 
s 4
f 822/130/182 807/115/182 810/118/182 823/131/182 
s 2
f 805/113/54 803/111/165 802/110/164 806/114/54 
s 4
f 825/133/183 800/108/169 806/114/168 826/134/183 
s 1
f 827/135/184 814/122/184 816/124/184 824/132/184 
s 8
f 828/136/185 802/110/186 801/109/174 829/137/185 
s 1
f 830/138/187 798/106/188 800/108/46 825/133/46 
s 8
f 826/134/46 806/114/46 802/110/186 828/136/185 
f 829/137/185 801/109/174 814/122/173 827/135/46 
f 831/139/46 821/129/46 815/123/175 832/140/189 
s 1
f 793/101/158 792/100/157 798/106/188 830/138/187 
s 8
f 833/141/189 813/121/172 812/120/171 819/127/179 
f 832/140/189 815/123/175 813/121/172 833/141/189 
f 818/126/179 817/125/178 820/128/190 834/142/191 
f 834/142/191 820/128/190 787/95/19 790/98/19 
s 4
f 809/117/192 808/116/192 821/129/192 831/139/192 
s 1
f 835/143/46 836/144/46 837/145/46 838/146/46 
s 2
f 838/146/8 837/145/8 839/147/8 840/148/8 
s 1
f 840/149/151 839/150/151 841/151/151 842/152/151 
s 2
f 842/152/54 841/151/54 836/144/54 835/143/54 
s 4
f 836/144/121 843/153/121 844/154/122 837/145/122 
f 837/145/122 844/154/122 845/155/119 839/147/119 
f 839/150/119 845/156/119 846/157/120 841/151/120 
f 841/151/120 846/157/120 843/153/121 836/144/121 
s 1
f 844/154/46 843/153/46 847/158/46 848/159/46 
s 2
f 845/155/8 844/154/8 848/159/8 849/160/8 
f 843/153/54 846/157/54 850/161/54 847/158/54 
s 4
f 847/158/125 851/162/125 852/163/126 848/159/126 
f 848/159/126 852/163/126 853/164/123 849/160/123 
f 849/165/123 853/166/123 854/167/124 850/161/124 
f 850/161/124 854/167/124 851/162/125 847/158/125 
s 1
f 851/162/46 855/168/46 856/169/46 852/163/46 
s 2
f 852/163/8 856/169/8 857/170/8 853/164/8 
s 1
f 853/166/27 857/171/27 858/172/27 854/167/27 
s 2
f 854/167/54 858/172/54 855/168/54 851/162/54 
s 1
f 849/165/151 850/161/151 846/157/151 845/156/151 
f 859/173/193 860/174/193 861/175/193 862/176/193 
f 863/177/194 864/178/194 865/179/194 866/180/194 
s 2
f 866/180/54 865/179/54 860/174/54 859/173/54 
s 1
f 867/181/46 868/182/46 869/183/46 870/184/46 
s 2
f 870/184/8 869/183/8 871/185/8 872/186/8 
f 873/187/54 874/188/54 868/182/54 867/181/54 
s 1
f 875/189/42 876/190/42 877/191/42 878/192/42 
s 2
f 878/192/54 877/191/54 879/193/54 880/194/54 
s 1
f 880/194/19 879/193/19 881/195/19 882/196/19 
s 4
f 865/179/19 864/197/19 861/198/19 860/174/19 
s 1
f 883/199/8 884/200/8 885/201/8 886/202/8 
s 2
f 886/203/42 885/204/42 887/205/42 888/206/42 
s 1
f 888/206/54 887/205/54 889/207/54 890/208/54 
s 2
f 890/208/19 889/207/19 884/200/19 883/199/19 
s 1
f 891/199/8 892/200/8 893/201/8 894/202/8 
s 2
f 894/203/42 893/204/42 895/205/42 896/206/42 
s 1
f 896/206/54 895/205/54 897/207/54 898/208/54 
s 2
f 898/208/19 897/207/19 892/200/19 891/199/19 
s 1
f 899/181/46 900/182/46 901/183/46 902/184/46 
s 2
f 902/184/8 901/183/8 903/185/8 904/186/8 
f 905/187/54 906/188/54 900/182/54 899/181/54 
s 1
f 907/209/8 908/210/8 909/211/8 910/212/8 
s 2
f 910/213/42 909/214/42 911/215/42 912/216/42 
s 1
f 912/216/54 911/215/54 913/217/54 914/218/54 
s 2
f 914/218/19 913/217/19 908/210/19 907/209/19 
s 1
f 915/95/155 790/98/155 789/97/155 916/96/155 
f 917/99/195 794/102/195 793/101/158 918/100/196 
s 2
f 919/103/213 917/99/213 918/100/214 920/104/215 
f 918/100/214 921/106/216 922/105/215 920/104/215 
f 921/106/216 923/108/154 924/107/154 922/105/215 
f 925/109/89 926/112/92 927/111/91 928/110/90 
s 4
f 924/107/197 923/108/198 929/114/199 930/113/197 
s 1
f 931/115/46 810/118/46 809/117/46 932/116/46 
s 2
f 926/112/92 925/109/89 933/120/200 934/119/8 
s 8
f 933/120/171 925/109/174 935/122/201 936/121/202 
f 936/121/202 935/122/201 937/124/203 938/123/204 
s 2
f 934/119/8 933/120/200 915/95/205 916/96/8 
s 8
f 933/120/171 819/127/179 818/126/179 939/125/178 
s 2
f 915/95/205 933/120/200 939/125/206 940/128/206 
s 8
f 938/123/204 937/124/203 941/130/46 942/129/46 
f 937/124/203 824/132/46 823/131/46 941/130/46 
s 2
f 942/129/207 941/130/207 931/115/207 932/116/207 
s 4
f 941/130/182 823/131/182 810/118/182 931/115/182 
s 2
f 930/113/8 929/114/8 928/110/90 927/111/91 
s 4
f 825/133/183 826/134/183 929/114/199 923/108/198 
s 1
f 827/135/184 824/132/184 937/124/184 935/122/184 
s 8
f 828/136/185 829/137/185 925/109/174 928/110/186 
s 1
f 830/138/187 825/133/46 923/108/46 921/106/208 
s 8
f 826/134/46 828/136/185 928/110/186 929/114/46 
f 829/137/185 827/135/46 935/122/201 925/109/174 
f 831/139/46 832/140/189 938/123/204 942/129/46 
s 1
f 793/101/158 830/138/187 921/106/208 918/100/196 
s 8
f 833/141/189 819/127/179 933/120/171 936/121/202 
f 832/140/189 833/141/189 936/121/202 938/123/204 
f 818/126/179 834/142/191 940/128/190 939/125/178 
f 834/142/191 790/98/19 915/95/19 940/128/190 
s 4
f 809/117/192 831/139/192 942/129/192 932/116/192 
s 1
f 943/143/46 944/146/46 945/145/46 946/144/46 
s 2
f 944/146/54 947/148/54 948/147/54 945/145/54 
s 1
f 947/149/27 949/152/27 950/151/27 948/150/27 
s 2
f 949/152/8 943/143/8 946/144/8 950/151/8 
s 4
f 946/144/122 945/145/121 951/154/121 952/153/122 
f 945/145/121 948/147/120 953/155/120 951/154/121 
f 948/150/120 950/151/119 954/157/119 953/156/120 
f 950/151/119 946/144/122 952/153/122 954/157/119 
s 1
f 951/154/46 955/159/46 956/158/46 952/153/46 
s 2
f 953/155/54 957/160/54 955/159/54 951/154/54 
f 952/153/8 956/158/8 958/161/8 954/157/8 
s 4
f 956/158/126 955/159/125 959/163/125 960/162/126 
f 955/159/125 957/160/210 961/164/210 959/163/125 
f 957/165/210 958/161/211 962/167/211 961/166/210 
f 958/161/211 956/158/126 960/162/126 962/167/211 
s 1
f 960/162/212 959/163/212 963/169/212 964/168/212 
s 2
f 959/163/54 961/164/54 965/170/54 963/169/54 
s 1
f 961/166/27 962/167/27 966/172/27 965/171/27 
s 2
f 962/167/8 960/162/8 964/168/8 966/172/8 
s 1
f 957/165/27 953/156/27 954/157/27 958/161/27 
f 967/173/193 968/176/193 969/175/193 970/174/193 
f 971/177/194 972/180/194 973/179/194 974/178/194 
s 2
f 972/180/8 967/173/8 970/174/8 973/179/8 
s 1
f 975/181/46 976/184/46 977/183/46 978/182/46 
s 2
f 976/184/54 979/186/54 980/185/54 977/183/54 
f 981/187/8 975/181/8 978/182/8 982/188/8 
s 1
f 983/189/42 984/192/42 985/191/42 986/190/42 
s 2
f 984/192/8 987/194/8 988/193/8 985/191/8 
s 1
f 987/194/19 989/196/19 990/195/19 988/193/19 
s 4
f 973/179/19 970/174/19 969/198/19 974/197/19 
s 1
f 991/199/54 992/202/54 993/201/54 994/200/54 
s 2
f 992/203/42 995/206/42 996/205/42 993/204/42 
s 1
f 995/206/8 997/208/8 998/207/8 996/205/8 
s 2
f 997/208/19 991/199/19 994/200/19 998/207/19 
s 1
f 999/199/54 1000/202/54 1001/201/54 1002/200/54 
s 2
f 1000/203/42 1003/206/42 1004/205/42 1001/204/42 
s 1
f 1003/206/8 1005/208/8 1006/207/8 1004/205/8 
s 2
f 1005/208/19 999/199/19 1002/200/19 1006/207/19 
s 1
f 1007/181/46 1008/184/46 1009/183/46 1010/182/46 
s 2
f 1008/184/54 1011/186/54 1012/185/54 1009/183/54 
f 1013/187/8 1007/181/8 1010/182/8 1014/188/8 
s 1
f 1015/209/54 1016/212/54 1017/211/54 1018/210/54 
s 2
f 1016/213/42 1019/216/42 1020/215/42 1017/214/42 
s 1
f 1019/216/8 1021/218/8 1022/217/8 1020/215/8 
s 2
f 1021/218/19 1015/209/19 1018/210/19 1022/217/19 
s off
f 1023/1/1 1024/2/2 1025/3/3 1026/4/1 
f 1027/5/4 1028/6/5 1029/7/6 1030/8/7 
f 1031/9/8 1030/8/7 1029/7/6 1032/10/9 
f 1033/11/5 1034/12/5 1035/13/6 1036/14/10 
f 1037/15/11 1038/16/12 1034/12/13 1033/11/13 
f 1025/3/3 1039/17/14 1027/5/4 1030/8/7 
f 1030/8/7 1031/9/15 1026/4/15 1025/3/3 
f 1033/11/16 1036/14/16 1040/18/16 1041/19/16 
f 1037/15/11 1042/20/17 1043/21/18 1044/22/19 
f 1044/22/19 1045/23/19 1038/16/12 1037/15/11 
f 1042/20/17 1041/19/20 1046/24/21 1043/21/18 
f 1033/11/22 1041/19/22 1042/20/17 1037/15/11 
f 1036/14/10 1035/13/6 1028/6/5 1027/5/4 
f 1025/3/3 1024/2/2 1047/25/23 1039/17/14 
f 1039/17/14 1040/18/24 1036/14/10 1027/5/4 
f 1048/26/25 1049/27/26 1050/28/27 1051/29/27 
f 1029/7/6 1028/6/5 1052/30/28 1053/31/29 
f 1029/7/6 1053/31/29 1054/32/8 1032/10/9 
f 1035/13/6 1034/12/5 1055/33/5 1056/34/30 
f 1034/12/13 1038/16/12 1057/35/31 1055/33/13 
f 1052/36/28 1058/37/32 1048/26/25 1053/38/29 
f 1053/38/29 1048/26/25 1051/29/33 1054/39/33 
f 1055/33/34 1059/40/34 1060/41/34 1056/42/34 
f 1057/35/31 1061/43/19 1062/44/35 1063/45/36 
f 1038/16/12 1045/23/19 1061/43/19 1057/35/31 
f 1063/45/36 1062/44/35 1064/46/37 1059/40/38 
f 1063/45/36 1059/40/39 1055/33/39 1057/35/31 
f 1028/6/5 1035/13/6 1056/34/30 1052/30/28 
f 1065/47/40 1049/27/26 1048/26/25 1058/37/32 
f 1058/37/32 1052/36/28 1056/42/30 1060/41/41 
f 1026/48/42 1031/49/42 1066/50/42 1023/51/42 
f 1040/18/24 1039/17/14 1047/25/23 1067/52/44 
f 1041/19/45 1040/18/24 1067/52/44 1046/24/46 
f 1050/53/42 1068/54/81 1054/55/42 1051/56/42 
f 1058/37/32 1060/41/41 1069/57/47 1065/47/40 
f 1060/41/41 1059/40/48 1064/46/27 1069/57/47 
f 1070/58/49 1024/2/2 1023/1/1 1071/59/1 
f 1072/60/50 1073/61/51 1074/62/52 1075/63/53 
f 1072/60/50 1075/63/53 1076/64/54 1077/65/55 
f 1078/66/50 1079/67/51 1080/68/51 1081/69/56 
f 1079/67/57 1082/70/58 1083/71/59 1080/68/57 
f 1074/62/52 1084/72/60 1070/58/49 1075/63/53 
f 1075/63/53 1070/58/49 1071/59/61 1076/64/61 
f 1080/68/62 1085/73/62 1086/74/62 1081/69/62 
f 1083/71/59 1044/22/19 1043/21/18 1087/75/63 
f 1082/70/58 1045/23/19 1044/22/19 1083/71/59 
f 1087/75/63 1043/21/18 1046/24/21 1085/73/64 
f 1087/75/63 1085/73/65 1080/68/65 1083/71/59 
f 1073/61/51 1078/66/50 1081/69/56 1074/62/52 
f 1047/25/23 1024/2/2 1070/58/49 1084/72/60 
f 1084/72/60 1074/62/52 1081/69/56 1086/74/66 
f 1050/28/27 1049/27/26 1088/76/67 1089/77/27 
f 1090/78/68 1073/61/51 1072/60/50 1091/79/69 
f 1092/80/54 1091/79/69 1072/60/50 1077/65/55 
f 1093/81/51 1079/67/51 1078/66/50 1094/82/70 
f 1095/83/71 1082/70/58 1079/67/57 1093/81/57 
f 1088/76/67 1096/84/72 1090/78/68 1091/79/69 
f 1091/79/69 1092/80/73 1089/77/73 1088/76/67 
f 1093/81/74 1094/82/74 1097/85/74 1098/86/74 
f 1095/83/71 1099/87/75 1062/44/35 1061/43/19 
f 1061/43/19 1045/23/19 1082/70/58 1095/83/71 
f 1099/87/75 1098/86/76 1064/46/37 1062/44/35 
f 1093/81/77 1098/86/77 1099/87/75 1095/83/71 
f 1094/82/70 1078/66/50 1073/61/51 1090/78/68 
f 1088/76/67 1049/27/26 1065/47/40 1096/84/72 
f 1096/84/72 1097/85/78 1094/82/70 1090/78/68 
f 1071/88/42 1023/51/42 1066/50/43 1076/89/42 
f 1047/25/23 1084/72/60 1086/74/66 1067/52/44 
f 1067/52/44 1086/74/66 1085/73/80 1046/24/46 
f 1050/53/42 1089/90/42 1092/91/42 1068/54/79 
f 1069/57/47 1097/85/78 1096/84/72 1065/47/40 
f 1064/46/27 1098/86/82 1097/85/78 1069/57/47 
f 1092/91/42 1077/92/42 1100/93/42 1068/54/79 
f 1068/54/81 1100/93/42 1032/94/42 1054/55/42 
f 1031/49/42 1032/94/42 1100/93/42 1066/50/42 
f 1066/50/43 1100/93/42 1077/92/42 1076/89/42 
f 1101/1/1 1102/2/2 1103/3/3 1104/4/1 
f 1105/5/4 1106/6/5 1107/7/6 1108/8/7 
f 1109/9/8 1108/8/7 1107/7/6 1110/10/9 
f 1111/11/5 1112/12/5 1113/13/6 1114/14/10 
f 1115/15/11 1116/16/12 1112/12/13 1111/11/13 
f 1103/3/3 1117/17/14 1105/5/4 1108/8/7 
f 1108/8/7 1109/9/15 1104/4/15 1103/3/3 
f 1111/11/16 1114/14/16 1118/18/16 1119/19/16 
f 1115/15/11 1120/20/17 1121/21/18 1122/22/19 
f 1122/22/19 1123/23/19 1116/16/12 1115/15/11 
f 1120/20/17 1119/19/20 1124/24/21 1121/21/18 
f 1111/11/22 1119/19/22 1120/20/17 1115/15/11 
f 1114/14/10 1113/13/6 1106/6/5 1105/5/4 
f 1103/3/3 1102/2/2 1125/25/23 1117/17/14 
f 1117/17/14 1118/18/24 1114/14/10 1105/5/4 
f 1126/26/25 1127/27/26 1128/28/27 1129/29/27 
f 1107/7/6 1106/6/5 1130/30/28 1131/31/29 
f 1107/7/6 1131/31/29 1132/32/8 1110/10/9 
f 1113/13/6 1112/12/5 1133/33/5 1134/34/30 
f 1112/12/13 1116/16/12 1135/35/31 1133/33/13 
f 1130/36/28 1136/37/32 1126/26/25 1131/38/29 
f 1131/38/29 1126/26/25 1129/29/33 1132/39/33 
f 1133/33/34 1137/40/34 1138/41/34 1134/42/34 
f 1135/35/31 1139/43/19 1140/44/35 1141/45/36 
f 1116/16/12 1123/23/19 1139/43/19 1135/35/31 
f 1141/45/36 1140/44/35 1142/46/37 1137/40/38 
f 1141/45/36 1137/40/39 1133/33/39 1135/35/31 
f 1106/6/5 1113/13/6 1134/34/30 1130/30/28 
f 1143/47/40 1127/27/26 1126/26/25 1136/37/32 
f 1136/37/32 1130/36/28 1134/42/30 1138/41/41 
f 1104/48/42 1109/49/42 1144/50/42 1101/51/42 
f 1118/18/24 1117/17/14 1125/25/23 1145/52/44 
f 1119/19/45 1118/18/24 1145/52/44 1124/24/46 
f 1128/53/42 1146/54/42 1132/55/42 1129/56/42 
f 1136/37/32 1138/41/41 1147/57/47 1143/47/40 
f 1138/41/41 1137/40/48 1142/46/27 1147/57/47 
f 1148/58/49 1102/2/2 1101/1/1 1149/59/1 
f 1150/60/50 1151/61/51 1152/62/52 1153/63/53 
f 1150/60/50 1153/63/53 1154/64/54 1155/65/55 
f 1156/66/50 1157/67/51 1158/68/51 1159/69/56 
f 1157/67/57 1160/70/58 1161/71/59 1158/68/57 
f 1152/62/52 1162/72/60 1148/58/49 1153/63/53 
f 1153/63/53 1148/58/49 1149/59/61 1154/64/61 
f 1158/68/62 1163/73/62 1164/74/62 1159/69/62 
f 1161/71/59 1122/22/19 1121/21/18 1165/75/63 
f 1160/70/58 1123/23/19 1122/22/19 1161/71/59 
f 1165/75/63 1121/21/18 1124/24/21 1163/73/64 
f 1165/75/63 1163/73/65 1158/68/65 1161/71/59 
f 1151/61/51 1156/66/50 1159/69/56 1152/62/52 
f 1125/25/23 1102/2/2 1148/58/49 1162/72/60 
f 1162/72/60 1152/62/52 1159/69/56 1164/74/66 
f 1128/28/27 1127/27/26 1166/76/67 1167/77/27 
f 1168/78/68 1151/61/51 1150/60/50 1169/79/69 
f 1170/80/54 1169/79/69 1150/60/50 1155/65/55 
f 1171/81/51 1157/67/51 1156/66/50 1172/82/70 
f 1173/83/71 1160/70/58 1157/67/57 1171/81/57 
f 1166/76/67 1174/84/72 1168/78/68 1169/79/69 
f 1169/79/69 1170/80/73 1167/77/73 1166/76/67 
f 1171/81/74 1172/82/74 1175/85/74 1176/86/74 
f 1173/83/71 1177/87/75 1140/44/35 1139/43/19 
f 1139/43/19 1123/23/19 1160/70/58 1173/83/71 
f 1177/87/75 1176/86/76 1142/46/37 1140/44/35 
f 1171/81/77 1176/86/77 1177/87/75 1173/83/71 
f 1172/82/70 1156/66/50 1151/61/51 1168/78/68 
f 1166/76/67 1127/27/26 1143/47/40 1174/84/72 
f 1174/84/72 1175/85/78 1172/82/70 1168/78/68 
f 1149/88/42 1101/51/42 1144/50/42 1154/89/42 
f 1125/25/23 1162/72/60 1164/74/66 1145/52/44 
f 1145/52/44 1164/74/66 1163/73/80 1124/24/46 
f 1128/53/42 1167/90/42 1170/91/42 1146/54/42 
f 1147/57/47 1175/85/78 1174/84/72 1143/47/40 
f 1142/46/27 1176/86/82 1175/85/78 1147/57/47 
f 1170/91/42 1155/92/42 1178/93/42 1146/54/42 
f 1146/54/42 1178/93/42 1110/94/42 1132/55/42 
f 1109/49/42 1110/94/42 1178/93/42 1144/50/42 
f 1144/50/42 1178/93/42 1155/92/42 1154/89/42 
f 1179/1/1 1180/2/2 1181/3/3 1182/4/1 
f 1183/5/4 1184/6/5 1185/7/6 1186/8/7 
f 1187/9/8 1186/8/7 1185/7/6 1188/10/9 
f 1189/11/5 1190/12/5 1191/13/6 1192/14/10 
f 1193/15/11 1194/16/12 1190/12/13 1189/11/13 
f 1181/3/3 1195/17/14 1183/5/4 1186/8/7 
f 1186/8/7 1187/9/15 1182/4/15 1181/3/3 
f 1189/11/16 1192/14/16 1196/18/16 1197/19/16 
f 1193/15/11 1198/20/17 1199/21/18 1200/22/19 
f 1200/22/19 1201/23/19 1194/16/12 1193/15/11 
f 1198/20/17 1197/19/20 1202/24/21 1199/21/18 
f 1189/11/22 1197/19/22 1198/20/17 1193/15/11 
f 1192/14/10 1191/13/6 1184/6/5 1183/5/4 
f 1181/3/3 1180/2/2 1203/25/23 1195/17/14 
f 1195/17/14 1196/18/24 1192/14/10 1183/5/4 
f 1204/26/25 1205/27/26 1206/28/27 1207/29/27 
f 1185/7/6 1184/6/5 1208/30/28 1209/31/29 
f 1185/7/6 1209/31/29 1210/32/8 1188/10/9 
f 1191/13/6 1190/12/5 1211/33/5 1212/34/30 
f 1190/12/13 1194/16/12 1213/35/31 1211/33/13 
f 1208/36/28 1214/37/32 1204/26/25 1209/38/29 
f 1209/38/29 1204/26/25 1207/29/33 1210/39/33 
f 1211/33/34 1215/40/34 1216/41/34 1212/42/34 
f 1213/35/31 1217/43/19 1218/44/35 1219/45/36 
f 1194/16/12 1201/23/19 1217/43/19 1213/35/31 
f 1219/45/36 1218/44/35 1220/46/37 1215/40/38 
f 1219/45/36 1215/40/39 1211/33/39 1213/35/31 
f 1184/6/5 1191/13/6 1212/34/30 1208/30/28 
f 1221/47/40 1205/27/26 1204/26/25 1214/37/32 
f 1214/37/32 1208/36/28 1212/42/30 1216/41/41 
f 1182/48/42 1187/49/42 1222/50/43 1179/51/42 
f 1196/18/24 1195/17/14 1203/25/23 1223/52/44 
f 1197/19/45 1196/18/24 1223/52/44 1202/24/46 
f 1206/53/42 1224/54/42 1210/55/42 1207/56/42 
f 1214/37/32 1216/41/41 1225/57/47 1221/47/40 
f 1216/41/41 1215/40/48 1220/46/27 1225/57/47 
f 1226/58/49 1180/2/2 1179/1/1 1227/59/1 
f 1228/60/50 1229/61/51 1230/62/52 1231/63/53 
f 1228/60/50 1231/63/53 1232/64/54 1233/65/55 
f 1234/66/50 1235/67/51 1236/68/51 1237/69/56 
f 1235/67/57 1238/70/58 1239/71/59 1236/68/57 
f 1230/62/52 1240/72/60 1226/58/49 1231/63/53 
f 1231/63/53 1226/58/49 1227/59/61 1232/64/61 
f 1236/68/62 1241/73/62 1242/74/62 1237/69/62 
f 1239/71/59 1200/22/19 1199/21/18 1243/75/63 
f 1238/70/58 1201/23/19 1200/22/19 1239/71/59 
f 1243/75/63 1199/21/18 1202/24/21 1241/73/64 
f 1243/75/63 1241/73/65 1236/68/65 1239/71/59 
f 1229/61/51 1234/66/50 1237/69/56 1230/62/52 
f 1203/25/23 1180/2/2 1226/58/49 1240/72/60 
f 1240/72/60 1230/62/52 1237/69/56 1242/74/66 
f 1206/28/27 1205/27/26 1244/76/67 1245/77/27 
f 1246/78/68 1229/61/51 1228/60/50 1247/79/69 
f 1248/80/54 1247/79/69 1228/60/50 1233/65/55 
f 1249/81/51 1235/67/51 1234/66/50 1250/82/70 
f 1251/83/71 1238/70/58 1235/67/57 1249/81/57 
f 1244/76/67 1252/84/72 1246/78/68 1247/79/69 
f 1247/79/69 1248/80/73 1245/77/73 1244/76/67 
f 1249/81/74 1250/82/74 1253/85/74 1254/86/74 
f 1251/83/71 1255/87/75 1218/44/35 1217/43/19 
f 1217/43/19 1201/23/19 1238/70/58 1251/83/71 
f 1255/87/75 1254/86/76 1220/46/37 1218/44/35 
f 1249/81/77 1254/86/77 1255/87/75 1251/83/71 
f 1250/82/70 1234/66/50 1229/61/51 1246/78/68 
f 1244/76/67 1205/27/26 1221/47/40 1252/84/72 
f 1252/84/72 1253/85/78 1250/82/70 1246/78/68 
f 1227/88/42 1179/51/42 1222/50/79 1232/89/42 
f 1203/25/23 1240/72/60 1242/74/66 1223/52/44 
f 1223/52/44 1242/74/66 1241/73/80 1202/24/46 
f 1206/53/42 1245/90/42 1248/91/42 1224/54/81 
f 1225/57/47 1253/85/78 1252/84/72 1221/47/40 
f 1220/46/27 1254/86/82 1253/85/78 1225/57/47 
f 1248/91/42 1233/92/42 1256/93/42 1224/54/81 
f 1224/54/42 1256/93/42 1188/94/42 1210/55/42 
f 1187/49/42 1188/94/42 1256/93/42 1222/50/43 
f 1222/50/79 1256/93/42 1233/92/42 1232/89/42 
f 1257/1/1 1258/2/2 1259/3/3 1260/4/1 
f 1261/5/4 1262/6/5 1263/7/6 1264/8/7 
f 1265/9/8 1264/8/7 1263/7/6 1266/10/9 
f 1267/11/5 1268/12/5 1269/13/6 1270/14/10 
f 1271/15/11 1272/16/12 1268/12/13 1267/11/13 
f 1259/3/3 1273/17/14 1261/5/4 1264/8/7 
f 1264/8/7 1265/9/15 1260/4/15 1259/3/3 
f 1267/11/16 1270/14/16 1274/18/16 1275/19/16 
f 1271/15/11 1276/20/17 1277/21/18 1278/22/19 
f 1278/22/19 1279/23/19 1272/16/12 1271/15/11 
f 1276/20/17 1275/19/20 1280/24/21 1277/21/18 
f 1267/11/22 1275/19/22 1276/20/17 1271/15/11 
f 1270/14/10 1269/13/6 1262/6/5 1261/5/4 
f 1259/3/3 1258/2/2 1281/25/23 1273/17/14 
f 1273/17/14 1274/18/24 1270/14/10 1261/5/4 
f 1282/26/25 1283/27/26 1284/28/27 1285/29/27 
f 1263/7/6 1262/6/5 1286/30/28 1287/31/29 
f 1263/7/6 1287/31/29 1288/32/8 1266/10/9 
f 1269/13/6 1268/12/5 1289/33/5 1290/34/30 
f 1268/12/13 1272/16/12 1291/35/31 1289/33/13 
f 1286/36/28 1292/37/32 1282/26/25 1287/38/29 
f 1287/38/29 1282/26/25 1285/29/33 1288/39/33 
f 1289/33/34 1293/40/34 1294/41/34 1290/42/34 
f 1291/35/31 1295/43/19 1296/44/35 1297/45/36 
f 1272/16/12 1279/23/19 1295/43/19 1291/35/31 
f 1297/45/36 1296/44/35 1298/46/37 1293/40/38 
f 1297/45/36 1293/40/39 1289/33/39 1291/35/31 
f 1262/6/5 1269/13/6 1290/34/30 1286/30/28 
f 1299/47/40 1283/27/26 1282/26/25 1292/37/32 
f 1292/37/32 1286/36/28 1290/42/30 1294/41/41 
f 1260/48/42 1265/49/42 1300/50/42 1257/51/42 
f 1274/18/24 1273/17/14 1281/25/23 1301/52/44 
f 1275/19/45 1274/18/24 1301/52/44 1280/24/46 
f 1284/53/42 1302/54/42 1288/55/42 1285/56/42 
f 1292/37/32 1294/41/41 1303/57/47 1299/47/40 
f 1294/41/41 1293/40/48 1298/46/27 1303/57/47 
f 1304/58/49 1258/2/2 1257/1/1 1305/59/1 
f 1306/60/50 1307/61/51 1308/62/52 1309/63/53 
f 1306/60/50 1309/63/53 1310/64/54 1311/65/55 
f 1312/66/50 1313/67/51 1314/68/51 1315/69/56 
f 1313/67/57 1316/70/58 1317/71/59 1314/68/57 
f 1308/62/52 1318/72/60 1304/58/49 1309/63/53 
f 1309/63/53 1304/58/49 1305/59/61 1310/64/61 
f 1314/68/62 1319/73/62 1320/74/62 1315/69/62 
f 1317/71/59 1278/22/19 1277/21/18 1321/75/63 
f 1316/70/58 1279/23/19 1278/22/19 1317/71/59 
f 1321/75/63 1277/21/18 1280/24/21 1319/73/64 
f 1321/75/63 1319/73/65 1314/68/65 1317/71/59 
f 1307/61/51 1312/66/50 1315/69/56 1308/62/52 
f 1281/25/23 1258/2/2 1304/58/49 1318/72/60 
f 1318/72/60 1308/62/52 1315/69/56 1320/74/66 
f 1284/28/27 1283/27/26 1322/76/67 1323/77/27 
f 1324/78/68 1307/61/51 1306/60/50 1325/79/69 
f 1326/80/54 1325/79/69 1306/60/50 1311/65/55 
f 1327/81/51 1313/67/51 1312/66/50 1328/82/70 
f 1329/83/71 1316/70/58 1313/67/57 1327/81/57 
f 1322/76/67 1330/84/72 1324/78/68 1325/79/69 
f 1325/79/69 1326/80/73 1323/77/73 1322/76/67 
f 1327/81/74 1328/82/74 1331/85/74 1332/86/74 
f 1329/83/71 1333/87/75 1296/44/35 1295/43/19 
f 1295/43/19 1279/23/19 1316/70/58 1329/83/71 
f 1333/87/75 1332/86/76 1298/46/37 1296/44/35 
f 1327/81/77 1332/86/77 1333/87/75 1329/83/71 
f 1328/82/70 1312/66/50 1307/61/51 1324/78/68 
f 1322/76/67 1283/27/26 1299/47/40 1330/84/72 
f 1330/84/72 1331/85/78 1328/82/70 1324/78/68 
f 1305/88/42 1257/51/42 1300/50/79 1310/89/42 
f 1281/25/23 1318/72/60 1320/74/66 1301/52/44 
f 1301/52/44 1320/74/66 1319/73/80 1280/24/46 
f 1284/53/42 1323/90/42 1326/91/42 1302/54/79 
f 1303/57/47 1331/85/78 1330/84/72 1299/47/40 
f 1298/46/27 1332/86/82 1331/85/78 1303/57/47 
f 1326/91/42 1311/92/42 1334/93/42 1302/54/79 
f 1302/54/42 1334/93/42 1266/94/42 1288/55/42 
f 1265/49/42 1266/94/42 1334/93/42 1300/50/42 
f 1300/50/79 1334/93/42 1311/92/42 1310/89/42 
s 1
f 1335/219/19 1336/220/19 1337/221/19 1338/222/19 
s off
f 1339/221/54 1340/221/54 1341/222/54 1342/222/54 
f 1338/222/127 1343/222/127 1344/219/127 1335/219/127 
f 1336/220/217 1345/220/217 1346/221/217 1337/221/217 
f 1343/222/27 1347/222/27 1348/219/27 1344/219/27 
f 1345/220/46 1349/220/46 1350/221/46 1346/221/46 
f 1342/222/54 1338/222/54 1337/221/54 1339/221/54 
# 1003 polygons

